Row,Roid,Domain,Registrar,RegistrantId,CreationDate,Name,Street,Street number,Street Name,City,City 2,State,State 2,Country,Country 2,PostCode,Zip,Latitude,Longitude,Relevance,,
1,D60813033-CNIC,genotrust.coop,H941168,0-1518109524-067,08/02/2018,GenoTrust eG,Johann-Gutenberg-Str. 2A,2A,Johann-Gutenberg-Straße,Wehrheim,Wehrheim,,Hessen,DE,DEU,61237,61273,50.31059,8.56249,0.96,,
2,D61086677-CNIC,dbc.coop,H941168,0-1518613484-236,14/02/2018,DBC Deutsche BlockChain eG,Kantstraße 10,10,Kantstraße,Böhlen,Böhlen,,Sachsen,DE,DEU,4564,4564,51.23533,12.38318,0.91,,
3,D68378859-CNIC,trustxchange.coop,H941168,0-1527083721-875,23/05/2018,SCC Smart Coop Crowdfunding eG,Wollankstraße 68,68,Wollankstraße,Berlin,Berlin,,Berlin,DE,DEU,13359,13359,52.56059,13.38819,0.97,,
4,D70126110-CNIC,trustin.coop,H941168,0-1528919745-1,13/06/2018,SCC Smart Coop Crowdfunding eG,Wollankstraße 68,68,Wollankstraße,Berlin,Berlin,,Berlin,DE,DEU,13359,13359,52.56059,13.38819,0.97,,
5,D72782184-CNIC,wpia.coop,H941168,0-1532462888-296,24/07/2018,World Privacy and Identity Association (WPIA) - Verein zur Förderung von sicher,Brockmanngasse 15,15,Brockmanngasse,Graz,Graz,Styria,Steiermark,AT,AUT,8010,8010,47.06552,15.45058,1,,
6,D75190909-CNIC,gemeinwohl.coop,H941168,0-1535376757-813,27/08/2018,BfG Eigentümer/-innen- und Verwaltungsgenossenschaft eG,Rechte Wienzeile 81,81,Rechte Wienzeile,Wien,Wien,,Wien,AT,AUT,1050,1050,48.19354,16.35505,1,,
7,D78191484-CNIC,laselva.coop,H941168,0-1538653281-142,04/10/2018,"La Selva. Ecosistema creatiu, S.C.C.L.","Carrer de Freixures, 10 3",10,Carrer de Freixures,Barcelona,Barcelona,Cataluya,Catalunya,ES,ESP,8003,8003,41.38663,2.17721,0.94,,
8,D67964339-CNIC,larevolta.coop,H17050822,05eipv8bo9,21/05/2018,LA REVOLTA SCCL,"VOLTA, 5",5,Carrer de Volta,Terrassa,Terrassa,Barcelona,Catalunya,ES,ESP,8224,8224,41.56351,2.00728,1,,
9,D69447340-CNIC,sanford.coop,H17050822,0l2qnquwr9,06/06/2018,Sanford housing Co-operative,6 Sanford Walk,,Sanford Walk,London,London,,England,GB,GBR,SE14 6NB,SE14 6NB,51.482,-0.04245,0.82,,
10,D76078719-CNIC,ahconsumers.coop,H17050822,1kj73gi8d5,07/09/2018,Amalgamated Housing Corporation,98 Van Cortlandt Park South,98,Van Cortlandt Park S,Bronx,New York,New York,NY,US,USA,10463,10463,40.8848917,-73.8916678,1,,
11,D69904490-CNIC,a1designbuild.coop,H17050822,1pykgo6pwz,13/06/2018,A-1 Builders and Adaptations Design Studio,3310 Northwest Ave.,3310,Northwest Ave,Bellingham,Bellingham,WA,WA,US,USA,98225,98225,48.77648,-122.49739,1,,
12,D70826685-CNIC,casacare.coop,H17050822,25tctfpyen,23/06/2018,Casa Care Cooperative,7650 S McClintock Dr Ste 103-495,7650,S McClintock Dr,TEMPE,Tempe,AZ,AZ,US,USA,85284,85284,33.34811,-111.91224,0.9,,
13,D72589949-CNIC,cssdq.coop,H17050822,2ew24i1nza,20/07/2018,Coopérative de solidarité de service à domicile de Québec,"110, 51e Rue Est",110,51e Rue E,Québec,Québec,Qc,QC,CA,CAN,G1H 2J9,G1H 2J9,46.84747,-71.25278,0.97,,
14,D72589954-CNIC,aidedomicilequebec.coop,H17050822,2ew24i1nza,20/07/2018,Coopérative de solidarité de service à domicile de Québec,"110, 51e Rue Est",110,51e Rue E,Québec,Québec,Qc,QC,CA,CAN,G1H 2J9,G1H 2J9,46.84747,-71.25278,0.97,,
15,D70939020-CNIC,yoga.coop,H17050822,2x71l3scvv,26/06/2018,Yoga.Coop,2a The Crescent,,The Crescent,Ripon,Ripon,North Yorkshire,England,GB,GBR,HG4 2JB,HG4 2,54.14076,-1.52555,0.93,,
16,D71935104-CNIC,camilla.coop,H17050822,3y5w5re6j3,13/07/2018,Dominiando SRL,Piazzale Clodio 8,8,Piazzale Clodio,Rome,Roma,Not Applicable,Lazio,IT,ITA,195,195,41.9169555,12.455618,0.63,,
17,D76566179-CNIC,ourfarmfamilies.coop,H17050822,3y7ygoccts,13/09/2018,Agri-mark / Cabot Creamery Coop,1 Home Farm Way,1,Home Farm Way,Montpelier,Montpelier,Vermont,VT,US,USA,5603,5602,44.24527,-72.54836,0.97,,
18,D73411649-CNIC,ruralband.coop,H17050822,3zuarn08qf,01/08/2018,Prince George Electric Cooperative,7103 General Mahone Highway,7103,General Mahone Hwy,Waverly,Waverly,Virginia,VA,US,USA,23890,23890,37.0231225,-77.0732907,1,,
19,D75138674-CNIC,commonworks.coop,H17050822,43i5wmpjy1,26/08/2018,CommonWorks Development Co.,7926 Harwood Rd,7926,Harwood Rd,Seminole,Seminole,Florida,FL,US,USA,33777,33777,27.85397,-82.74778,1,,
20,D69861585-CNIC,growerco.coop,H17050822,440vm4vwv0,12/06/2018,Grower Co-operative Limited,PO Box 707,,,Moree,Moree,NSW,NSW,AU,AUS,2400,2400,-29.4661,149.84162,1,,
21,D76056304-CNIC,netyes.coop,H15139756,45zby7c6r1,07/09/2018,Cooperatie NetYes U.A.,Helmersstraat 2 a,2A,Helmersstraat,'s-Gravenhage,Den Haag,,Zuid-Holland,NL,NLD,2513RX,2513 RX,52.07735,4.29587,1,,
22,D73866569-CNIC,dotproject.coop,H17050822,4l395ivhzt,08/08/2018,The Dot Project,2 Beech View,,Beech View,Bath,Bath,Avon,England,GB,GBR,BA2 6DX,BA2 6,51.37503,-2.33224,0.94,,
23,D67840394-CNIC,autonomy.coop,H17050822,4tezoz2ia1,18/05/2018,N/A,589 REGENT PL NE,589,Regent Pl NE,WASHINGTON,Washington,District of Columbia,DC,US,USA,20017,20017,38.92897,-76.99828,1,,
24,D71802889-CNIC,diktio-kapa.coop,H17050822,4xmvf5bnre,11/07/2018,Social Solidarity and Regional Development  Network (K.A.P.A. Network),Dodonis 107,49,Δωδώνης,Ioannina,Ανατολή,Epirus,Ήπειρος,GR,GRC,45221,455 00,39.63311,20.85842,0.76,,
25,D68053189-CNIC,blec.coop,H17050822,4zd4bbu439,21/05/2018,Blachly Lane Electric Cooperative,90680 Highway 99,90680,Highway 99 N,Eugene,Eugene,Oregon,OR,US,USA,97402,97402,44.12176,-123.1904,1,,
26,D69575180-CNIC,yayasanangkasa.coop,H17050822,5jic5aan3e,08/06/2018,Yayasan ANGKASA,"Yayasan ANGKASA, No. 402 ,",,,Petaling Jaya,Petaling Jaya,Selangor,Selangor,MY,MYS,47301,47300,3.09211,101.61414,0.56,,
27,D81745064-CNIC,circles.coop,H17050822,5ngl7xuorn,05/11/2018,Circles UBI,225 South 3rd St,225,S 3rd St,new york,New York,NY,NY,US,USA,11211,11211,40.71112,-73.95839,1,,
28,D69843505-CNIC,fellowshipbrewing.coop,H17050822,5rmvjt16tr,11/06/2018,"Second F Brewery, Inc",P.O.Box 963,,,Fuquay-Varina,Fuquay-Varina,NC,NC,US,USA,27526,27526,35.57647,-78.79989,0.7,,
29,D83309134-CNIC,cooperatives-laitieres.coop,H17050822,5udzhvnfqd,13/11/2018,Coop de France Métiers du Lait,42 rue de Châteaudun,42,Rue de Châteaudun,PARIS,Paris,,Île-de-France,FR,FRA,75009,75009,48.8763,2.33492,0.97,,
30,D76935319-CNIC,usalliance.coop,H17050822,60ovixb3eg,19/09/2018,USAlliance Federal Credit Union,"411 Theodore Fremd Avenue, Ste 350",411,Theodore Fremd Ave,Rye,Rye,New York,NY,US,USA,10580,10580,40.97333,-73.70091,1,,
31,D68996610-CNIC,orthoubf.coop,H17050822,6rkdvs313z,31/05/2018,Urgence Bois-Francs,"795, rue de l'Artisan",795,Rue de l'Artisan,Victoriaville,Victoriaville,Québec,QC,CA,CAN,G6T 1V3,G6T 1V3,46.08005,-71.95035,0.98,,
32,D73471064-CNIC,cbdextraction.coop,H17050822,6zth8pslf9,02/08/2018,Brooks Bees Vermont,8 Brooks Avenue,8,Brooks Ave,Essex Junction,Essex Junction,Vermont,VT,US,USA,5452,5452,44.5008,-73.12799,1,,
33,D73471069-CNIC,cbdextract.coop,H17050822,6zth8pslf9,02/08/2018,Brooks Bees Vermont,8 Brooks Avenue,8,Brooks Ave,Essex Junction,Essex Junction,Vermont,VT,US,USA,5452,5452,44.5008,-73.12799,1,,
34,D74914489-CNIC,apes.coop,H17050822,73g1d6lz7o,23/08/2018,Apes Togo,Totsi,,,Lome,Lomé,,Maritime,TG,TGO,228,,6.1397,1.22959,0.44,,
35,D69177180-CNIC,ccelectric.coop,H17050822,77ahtihjsf,04/06/2018,Basin Electric Power Cooperative,1717 E Interstate Avenue,1717,E Interstate Ave,Bismarck,Bismarck,North Dakota,ND,US,USA,58503,58503,46.83343,-100.76484,1,,
36,D74713889-CNIC,verendrye.coop,H17050822,77ahtihjsf,21/08/2018,Basin Electric Power Cooperative,1717 E Interstate Avenue,1717,E Interstate Ave,Bismarck,Bismarck,North Dakota,ND,US,USA,58503,58503,46.83343,-100.76484,1,,
37,D68104564-CNIC,kindling.coop,H17050822,786df2z2rx,22/05/2018,The Kindling Trust,67 Parkside road,67,Parkside Road,Manchester,Manchester,,England,GB,GBR,M14 7JX,M14 7JX,53.4504749,-2.2404471,1,,
38,D69489665-CNIC,fqcs.coop,H17050822,7ei6k6u8n9,06/06/2018,Consortium de ressources et expertises cooperatives,"155 boul. Charest Est, Suite 190",155,Boulevard Charest E,Québec,Québec,Quebec,QC,CA,CAN,G1K3G6,G1K 3G6,46.81191,-71.22822,1,,
39,D73777544-CNIC,consortium.coop,H17050822,7ei6k6u8n9,07/08/2018,Consortium de ressources et expertises cooperatives,"155 boul. Charest Est, Suite 190",155,Boulevard Charest E,Québec,Québec,Quebec,QC,CA,CAN,G1K3G6,G1K 3G6,46.81191,-71.22822,1,,
40,D70340565-CNIC,mid.coop,H17050822,7p6wd1qvot,15/06/2018,The Midcounties Co-operative,"Co-Operative House, Warwick Technology Park, Gallows Hill",,Gallows Hill,Warwick,Warwick,Warwickshire,England,GB,GBR,CV34 6DA,CV34 6,52.27203,-1.56513,0.63,,
41,D76508924-CNIC,redcoop.coop,H17050822,7p7bpk732s,12/09/2018,VISIONAMOS SISTEMA DE PAGO DE BAJO VALOR,CARRERA 48 10-45,45,Carrera 48 10,MEDELLIN,Medellín,ANTIOQUIA,,CO,COL,50021,50021,6.2140807,-75.576362,1,,
42,D67257209-CNIC,hop.coop,H17050822,7w8ull2cfd,09/05/2018,Zone Universite Laval,"Pavillon Maurice-Pollack, 2305, local 1100 Universite Laval",,,Quebec,,Quebec,,CA,,G1V 0B4,,,,,,
43,D70911070-CNIC,nuway-kandh.coop,H17050822,8dw81vh5zo,25/06/2018,Nuway Coop,440 Hwy 4 S,440,Highway 4 S,Trimont,Trimont,MN,MN,US,USA,56176,56176,43.75753,-94.71673,1,,
44,D68445900-CNIC,mselectric.coop,H17050822,8fl5feig4l,24/05/2018,MidSouth Synergy,7625 Hwy 6,7625,Highway 6,Navasota,Navasota,Texas,TX,US,USA,77868,77868,30.41109,-96.09219,1,,
45,D68445905-CNIC,synergyservice.coop,H17050822,8fl5feig4l,24/05/2018,MidSouth Synergy,7625 Hwy 6,7625,Highway 6,Navasota,Navasota,Texas,TX,US,USA,77868,77868,30.41109,-96.09219,1,,
46,D68445920-CNIC,synergystation.coop,H17050822,8fl5feig4l,24/05/2018,MidSouth Synergy,7625 Hwy 6,7625,Highway 6,Navasota,Navasota,Texas,TX,US,USA,77868,77868,30.41109,-96.09219,1,,
47,D68445925-CNIC,synergychoice.coop,H17050822,8fl5feig4l,24/05/2018,MidSouth Synergy,7625 Hwy 6,7625,Highway 6,Navasota,Navasota,Texas,TX,US,USA,77868,77868,30.41109,-96.09219,1,,
48,D68445935-CNIC,synergypay.coop,H17050822,8fl5feig4l,24/05/2018,MidSouth Synergy,7625 Hwy 6,7625,Highway 6,Navasota,Navasota,Texas,TX,US,USA,77868,77868,30.41109,-96.09219,1,,
49,D68515705-CNIC,foodnextdoor.coop,H17050822,8i5ciq2zen,26/05/2018,Food Next Door Co-op Ltd,37 Deakin ave,37,Deakin Ave,Mildura,Mildura,Victoria,VIC,AU,AUS,3500,3500,-34.18436,142.16272,1,,
50,D72533134-CNIC,rchain-europe.coop,H17050822,8lanuk5a64,19/07/2018,RChain Europe eG,Mehringplatz 9,9,Mehringplatz,Berlin,Berlin,,Berlin,DE,DEU,12043,10969,52.49966,13.39274,0.81,,
51,D72533144-CNIC,rchain-eu.coop,H17050822,8lanuk5a64,19/07/2018,RChain Europe eG,Mehringplatz 9,9,Mehringplatz,Berlin,Berlin,,Berlin,DE,DEU,12043,10969,52.49966,13.39274,0.81,,
52,D75526579-CNIC,dhamul.coop,H17050822,8ptcj3jf0k,31/08/2018,Aarna Info Systems,Bangalore,,,Bangalore,Bengaluru,karnataka,KA,IN,IND,560061,560061,12.89067,77.52597,1,,
53,D75852394-CNIC,cu2.coop,H15139756,8tz97zjlks,04/09/2018,BetterBeGreen,Generaal Foulkesweg 24,24,Generaal Foulkesweg,WAGENINGEN,Wageningen,,Gelderland,NL,NLD,6703BS,6703 BS,51.9670177,5.6708996,1,,
54,D67869984-CNIC,makers.coop,H17050822,8xh0et861e,19/05/2018,PIIP,U22/61-63 Werona Avenue,61-63,Werona Ave,Sydney,Sydney,New South Wales,NSW,AU,AUS,2072,2072,-33.75731,151.15659,1,,
55,D70824005-CNIC,bravo.coop,H17050822,8xh0et861e,23/06/2018,PIIP,U22/61-63 Werona Avenue,61-63,Werona Ave,Sydney,Sydney,New South Wales,NSW,AU,AUS,2072,2072,-33.75731,151.15659,1,,
56,D69576820-CNIC,voltes.coop,H17050822,93ct148j6a,08/06/2018,Voltes Arquitectura,c Mare de Déu del Coll 96,96,Carrer de la Mare de Déu del Coll,Barcelona,Barcelona,Barcelona,Catalunya,ES,ESP,8023,8023,41.41204,2.14698,0.98,,
57,D77080069-CNIC,onepinoywins.coop,H17050822,9hu5xk36w6,21/09/2018,One Pinoy Wins Cooperative,Unit 6D Strata 2000 Bldg.,,Pasig,Pasig City,Caloocan City,Metro Manila,National Capital Region,PH,PHL,1605,,14.63886,120.97378,0.62,,
58,D70640360-CNIC,exchange.coop,H17050822,9n7f4jc05i,20/06/2018,VME Coop,"Unit 504, Building 01",,,Kalkara,Kalkara,Kalkara,,MT,MLT,SCM 1001,KKR,35.89034,14.52823,0.8,,
59,D78975564-CNIC,newlondonfood.coop,H17050822,9octp43uyz,12/10/2018,New London Food Coop,104 3rd Ave SE,104,3rd Ave SE,New London,New London,MN,MN,US,USA,56273,56273,45.29596,-94.94266,1,,
60,D67148214-CNIC,enjoy.coop,H17050822,9vxonoh2d2,08/05/2018,GeDInfo Societa Cooperativa,via colombo 13,13,Via Cristoforo Colombo,Piacenza,Piacenza,Piacenza,Emilia Romagna,IT,ITA,29122,29122,45.04615,9.70803,1,,
61,D77298534-CNIC,vimet.coop,H17050822,a81jbo1f81,24/09/2018,Projectes Socials la Fabrica SCCL,"C/ Pamplona, 21",21,Carrer de Pamplona,Terrassa,Terrassa,Barcelona,Catalunya,ES,ESP,8227,8227,41.56038,2.03808,1,,
62,D77299029-CNIC,mes.coop,H17050822,a81jbo1f81,24/09/2018,Projectes Socials la Fabrica SCCL,"C/ Pamplona, 21",21,Carrer de Pamplona,Terrassa,Terrassa,Barcelona,Catalunya,ES,ESP,8227,8227,41.56038,2.03808,1,,
63,D69048260-CNIC,cookingtogether.coop,H17050822,a96aleddyf,01/06/2018,Nimbarka Press,2138 48th Avenue,2138,48th Ave,San Francisco,San Francisco,,CA,US,USA,94116,94116,37.74654,-122.50697,1,,
64,D55157253-CNIC,samourai.coop,H1167922-EUR,AB22929-GANDI,06/11/2017,Cooperative Samourai,"24, rue des graviers",24,Rue des Graviers,Massy,Massy,11,Île-de-France,FR,FRA,91300,91300,48.72768,2.24866,0.92,,
65,D7888270-CNIC,nameisp.coop,H90404,abnameisp,16/07/2009,AB NameISP,Radiovagen 2,4,Radiovägen,Vastra Frolunda,Göteborg,,Västra Götalands län,SE,SWE,42147,421 47,57.6491983,11.9154702,0.95,,
66,D7889041-CNIC,ger.coop,H90404,abnger1,04/01/2010,Grupo de Electrificacion Rural de Binefar y comarca S. Coop. R. L.,Lerida 61,61,Calle Lérida,Binefar,Binéfar,,Aragón,ES,ESP,22500,22500,41.85034,0.29928,1,,
67,D7891264-CNIC,macken.coop,H90404,abnmacken,27/05/2011,Macken ekonomisk forening,Nydalavagen 42E,42E,Nydalavägen,VAXJO,Växjö,,Kronobergs län,SE,SWE,35248,352 48,56.89941,14.79591,1,,
68,D7891711-CNIC,skoopi.coop,H90404,abnskoopi3,28/09/2011,SKOOPI,Box 16355,,,Stockholm,Stockholm,,Stockholms län,SE,SWE,10326,163 55,59.37704,17.90664,0.66,,
69,D44437202-CNIC,silverfernfarms.coop,H90404,ABS42006496-VCQQ,15/02/2017,Silver Fern Farms Limited,283 Princes Street,283,Princes St,Dunedin,Dunedin,,Otago,NZ,NZL,9041,9016,-45.87859,170.50153,0.93,,
70,D48016753-CNIC,nus.coop,H1167922-EUR,AC16745-GANDI,24/05/2017,Nus. Processos Socials i Creatius SCCL,"Carrer Galileu 26, baixos",26,Carrer de Galileu,Barcelona,Barcelona,B,Catalunya,ES,ESP,8028,8028,41.37659,2.13577,0.8,,
71,D71875039-CNIC,careshare.coop,H1167922-EUR,AC21408-GANDI,12/07/2018,Care Share Cooperative,215 E. 14TH ST.,215,E 14th St,CINCINNATI,Cincinnati,OH,OH,US,USA,45202,45202,39.11107,-84.51159,1,,
72,D71875049-CNIC,care-share.coop,H1167922-EUR,AC21409-GANDI,12/07/2018,Care Share Cooperative,215 E. 14TH ST.,215,E 14th St,CINCINNATI,Cincinnati,OH,OH,US,USA,45202,45202,39.11107,-84.51159,1,,
73,D83427674-CNIC,bmr.coop,H1167922-EUR,AC23725-GANDI,15/11/2018,D F Calder Farms Ltd,Angus Cottage,,,Duns,Duns,,Scotland,GB,GBR,TD113Q,TD11 3SQ,55.83123,-2.46868,0.49,,
74,D53479973-CNIC,tousavelo.coop,H1167922-EUR,AG13835-GANDI,05/10/2017,SAS Ag Location,32 CHEMIN DE LA BOMBANCE,32,Chemin de la Bombance,LONGUEIL,Longueil,23,Normandie,FR,FRA,76860,76860,49.8796,0.95993,0.93,,
75,D65209324-CNIC,capdis.coop,H1167922-EUR,AG15511-GANDI,05/04/2018,CAPDIS,220 Rue des Vareys,220,Rue des Vareys,VIRIAT,Viriat,82,Auvergne-Rhône-Alpes,FR,FRA,1440,1440,46.21894,5.20837,0.91,,
76,D53016653-CNIC,seattledevelopers.coop,H1167922-EUR,AJ5486-GANDI,26/09/2017,"Seattle Developer's Cooperative, LLC",4031 42nd Ave SW,4031,42nd Ave SW,Seattle,Seattle,WA,WA,US,USA,98116-3822,98116,47.56745,-122.38584,1,,
77,D68395860-CNIC,dapp.coop,H1167922-EUR,AM24174-GANDI,23/05/2018,"DappHub Developers, Ltd. Cooperative",2401 NW Boca Raton Blvd,2401,NW Boca Raton Blvd,Boca Raton,Boca Raton,FL,FL,US,USA,33431,33431,26.37252,-80.08889,1,,
78,D80207474-CNIC,lhs.coop,H1167922-EUR,AM27406-GANDI,24/10/2018,LH SERVICES,2 Rue Jacques Brel,2,Rue Jacques Brel,Le Havre,Le Havre,23,Normandie,FR,FRA,76620,76620,49.52386,0.11372,0.92,,
79,D54566503-CNIC,mat.coop,H90404,AMA33856122-PGAT,26/10/2017,Ably Systems of Sweden AB,"Drakegatan 10, Box 184",,,Göteborg,,,,SE,,40123,,,,,,
80,D54566508-CNIC,handla.coop,H90404,AMA33856122-PGAT,26/10/2017,Ably Systems of Sweden AB,"Drakegatan 10, Box 184",,,Göteborg,,,,SE,,40123,,,,,,
81,D80078879-CNIC,foodgloriousfood.coop,H17050822,aqf29adfxt,23/10/2018,The Midcounties Co-operative,"Co-Operative House, Warwick Technology Park, Gallows Hill",,Gallows Hill,Warwick,Warwick,Warwickshire,England,GB,GBR,CV34 6DA,CV34 6,52.27203,-1.56513,0.63,,
82,D59894658-CNIC,pilote.coop,H1167922-EUR,AR11530-GANDI,22/01/2018,SAS LA BOX COM,47 rue lafeuillade,47,Rue Lafeuillade,Montpellier,Montpellier,91,Occitanie,FR,FRA,34070,34070,43.60515,3.86388,0.93,,
83,D59894663-CNIC,groupe-pilote.coop,H1167922-EUR,AR11534-GANDI,22/01/2018,SAS LA BOX COM,47 rue lafeuillade,47,Rue Lafeuillade,Montpellier,Montpellier,91,Occitanie,FR,FRA,34070,34070,43.60515,3.86388,0.93,,
84,D74093429-CNIC,consulting.coop,H17050822,as40eexadt,13/08/2018,The Consulting co-operative LTD,30 Melody Lane,30,Melody Lane,London,London,,England,GB,GBR,N5 2BQ,N5 2BQ,51.55222,-0.09759,1,,
85,D43652461-CNIC,purpose.coop,H90404,ASP41665930-DEMV,01/02/2017,Purpose e.G.,Kampsriede 11,11,Kampsriede,Hannover,Hannover,,Niedersachsen,DE,DEU,30659,30659,52.41806,9.82275,1,,
86,D34229895-CNIC,tribe.coop,H87165,AT2066123117771,19/07/2016,vivid GCV,Klapeksterstraat 1B,1B,Klapeksterstraat,Gent,Gent,,Vlaanderen,BE,BEL,9000,9000,51.0609,3.70224,1,,
87,D48863506-CNIC,citizenfund.coop,H87165,AT2358388796472,22/06/2017,CITIZENFUND,Leuvensesteenweg 775,775,Leuvensesteenweg,Evere,Evere,,Brussel,BE,BEL,1140,1140,50.85887,4.41286,1,,
88,D67140999-CNIC,op-pohjola.coop,H87165,AT2634669225472,08/05/2018,OP-Keskus Osk,PL 308,,101,Helsinki,Helsinki,,Etelä-Suomi,FI,FIN,101,660,60.24159,24.93087,0.7,,
89,D65210209-CNIC,hashbang.coop,H1167922-EUR,AV4283-GANDI,05/04/2018,HashBang,Obfuscated whois Gandi-63-65 boulevard Massena,63,Boulevard Masséna,Obfuscated whois Gandi-Paris,Paris,,Île-de-France,FR,FRA,75013,75013,48.82193,2.37105,0.37,,
90,D76081894-CNIC,commons.coop,H1167922-EUR,AW7907-GANDI,07/09/2018,Common Knowledge Cooperative Ltd,Number 2,,,London,London,,England,GB,GBR,E9 5LH,E9 5LH,51.54382,-0.02532,0.65,,
91,D76081904-CNIC,commonknowledge.coop,H1167922-EUR,AW7907-GANDI,07/09/2018,Common Knowledge Cooperative Ltd,Number 2,,,London,London,,England,GB,GBR,E9 5LH,E9 5LH,51.54382,-0.02532,0.65,,
92,D50744470-CNIC,lifefit.coop,H1167922-EUR,AZ2030-GANDI,01/08/2017,LifeFit SCCL,"c/ Mare de Deu de Monserrat, no4",4,Carrer Mare de Déu de Montserrat,Barcelona,Vallromanes,,Catalunya,ES,ESP,8780,8188,41.53227,2.31157,0.94,,
93,D80100309-CNIC,visionarias.coop,H17050822,b4mm2gpgqb,24/10/2018,Cooperativa Visionarias,3848 S 105st,3848,E 105th St,Chicago,Chicago,il,IL,US,USA,60617,60617,41.70476,-87.5297,0.88,,
94,D73463659-CNIC,isg.coop,H17050822,b9zcn7zyw1,02/08/2018,Independent Stationers,"250 East 96th St, Suite 510",250,E 96th St,Indianapolis,Indianapolis,Indiana,IN,US,USA,46240,46240,39.9281,-86.15409,1,,
95,D75835159-CNIC,independentsuppliersgroup.coop,H17050822,b9zcn7zyw1,04/09/2018,Independent Stationers,"250 East 96th St, Suite 510",250,E 96th St,Indianapolis,Indianapolis,Indiana,IN,US,USA,46240,46240,39.9281,-86.15409,1,,
96,D65247649-CNIC,quiplusest.coop,H1167922-EUR,BB14205-GANDI,06/04/2018,OXALIS SCOP SA,Le Chalard Haut,,,Peyrat le Chateau,Peyrat-le-Château,74,Nouvelle-Aquitaine,FR,FRA,87470,87470,45.81313,1.73393,0.94,,
97,D58902668-CNIC,titi-floris.coop,H1167922-EUR,BC9457-GANDI,03/01/2018,Titi Floris,7 rue Louis Bleriot,7,Rue Louis Blériot,ORVAULT,Orvault,52,Pays de la Loire,FR,FRA,44700,44700,47.25311,-1.61792,0.92,,
98,D47649714-CNIC,hopewellcare.coop,H1167922-EUR,BF4393-GANDI,09/05/2017,Hopewell Care,201 Columbia  Street,201,Columbia St,Brooklyn,Brooklyn,NY,NY,US,USA,11231,11231,40.68522,-74.00245,1,,
99,D61631207-CNIC,cooperativeemploiservices.coop,H1167922-EUR,BG6672-GANDI,21/02/2018,COOPERATIVE EMPLOI SERVICES,PARC D' INNOVATION DE MESCOAT,9,Allée de Mescoat,LANDERNEAU,Landerneau,53,Bretagne,FR,FRA,29800,29800,48.4583,-4.26777,0.65,,
100,D48842122-CNIC,petit-marche.coop,H1167922-EUR,BI1139-GANDI,21/06/2017,petit-marche,1 rue des genets,1,Rue des Genêts,Goldbach,Goldbach-Altenbach,,Grand Est,FR,FRA,68760,68760,47.87828,7.11852,1,,
101,D73476599-CNIC,carrollemc.coop,H17050822,bj97qc54cp,02/08/2018,Carroll EMC,155 N Hwy 113,155,N Highway 113,Carrollton,Carrollton,GA,GA,US,USA,30117,30117,33.60459,-85.07565,1,,
102,D73476614-CNIC,cemc.coop,H17050822,bj97qc54cp,02/08/2018,Carroll EMC,155 N Hwy 113,155,N Highway 113,Carrollton,Carrollton,GA,GA,US,USA,30117,30117,33.60459,-85.07565,1,,
103,D83212154-CNIC,operators.coop,H1167922-EUR,BL8838-GANDI,13/11/2018,L Ventures,301 W Grand Ave ste160,301,W Grand Ave,Chicago,Chicago,IL,IL,US,USA,60654,60654,41.89142,-87.63555,1,,
104,D83212159-CNIC,builders.coop,H1167922-EUR,BL8839-GANDI,13/11/2018,L Ventures,301 W Grand Ave ste160,301,W Grand Ave,Chicago,Chicago,IL,IL,US,USA,60654,60654,41.89142,-87.63555,1,,
105,D76301209-CNIC,air.coop,H1167922-EUR,BM14295-GANDI,10/09/2018,AIR - Agence Innovation Responsable,1 rue Royalle,1,Rue Royale,Annecy,Annecy,82,Auvergne-Rhône-Alpes,FR,FRA,74000,74000,45.90052,6.12439,0.83,,
106,D67900809-CNIC,commongrounds.coop,H17050822,bqy6lyek3w,19/05/2018,Commongrounds Cooperative,"425 Boardman Ave, Suite C",425,Boardman Ave,Traverse City,Traverse City,MI,MI,US,USA,49684,49684,44.7597,-85.61549,1,,
107,D82355779-CNIC,lastrada.coop,H1167922-EUR,BR6559-GANDI,09/11/2018,LA STRADA S.C.S.,"Via Carducci, 28",28,Via Giosuè Carducci,Asti,Asti,AT,Piemonte,IT,ITA,14100,14100,44.90056,8.20287,1,,
108,D76814174-CNIC,mobi.coop,H1167922-EUR,BS12027-GANDI,17/09/2018,Covoiturage-libre.fr,48 rue Nicolas Leblanc,48,Rue Nicolas Leblanc,Lille,Lille,,Hauts-de-France,FR,FRA,59000,59000,50.62863,3.06122,1,,
109,D60045823-CNIC,lesdocks.coop,H1167922-EUR,BS4491-GANDI,25/01/2018,Cooperative des Docks Numeriques,1 Promenade du Rhin,1,Promenade du Rhin,DIJON,Dijon,,Bourgogne-Franche-Comté,FR,FRA,21000,21000,47.31413,5.02532,1,,
110,D80086249-CNIC,genex-ic.coop,H17050822,c11aafefvr,23/10/2018,Cooperative Resources International,P.O. Box 930230 135 Enterprise Drive,101,Enterprise Dr,Verona,Verona,Wisconsin,WI,US,USA,53593-0230,53593,42.9930618,-89.5262859,0.73,,
111,D71501145-CNIC,resonate.coop,H116797,C1448-142017,06/07/2018,Resonate,6-9 Trinity Street,6-9,Trinity Street,Dublin,Dublin,Co. Dublin,,IE,IRL,DUBLIN 2,D02 EY47,53.34381,-6.26189,0.93,,
112,D43723041-CNIC,autoboost.coop,H135150,CAPREG1,03/02/2017,Capricorn Society Limited,28 Trood Street,28,Troode St,West Perth,Perth,WA,WA,AU,AUS,6005,6005,-31.94269,115.84426,0.97,,
113,D33179855-CNIC,autovantage.coop,H135150,CAPRICORN16,27/06/2016,Capricorn Society Limited,28 Trood Street,28,Troode St,West Perth,Perth,WA,WA,AU,AUS,6005,6005,-31.94269,115.84426,0.97,,
114,D36519778-CNIC,autoedge.coop,H135150,CAPRICORN16,15/09/2016,Capricorn Society Limited,28 Trood Street,28,Troode St,West Perth,Perth,WA,WA,AU,AUS,6005,6005,-31.94269,115.84426,0.97,,
115,D70542370-CNIC,bradford.coop,H1167922-EUR,CB20804-GANDI,18/06/2018,The Bradford Co-operative Association,14 North Parade,14,North Parade,Bradford,Bradford,,England,GB,GBR,BD1 3HT,BD1 3HT,53.7970058,-1.7560983,1,,
116,D71811814-CNIC,thebreadandroses.coop,H1167922-EUR,CB21159-GANDI,11/07/2018,The Bradford Co-operative Association,14 North Parade,14,North Parade,Bradford,Bradford,,England,GB,GBR,BD1 3HT,BD1 3HT,53.7970058,-1.7560983,1,,
117,D75185889-CNIC,endi.coop,H1167922-EUR,CD14533-GANDI,27/08/2018,COOPERER POUR ENTREPRENDRE,"37, RUE BOURET",37,Rue Bouret,PARIS,Paris,,Île-de-France,FR,FRA,75019,75019,48.88266,2.37184,1,,
118,D46183374-CNIC,cjs-france.coop,H1167922-EUR,CD8818-GANDI,24/03/2017,COOPERER POUR ENTREPRENDRE,"37, RUE BOURET",37,Rue Bouret,PARIS,Paris,11,Île-de-France,FR,FRA,75019,75019,48.88266,2.37184,0.9,,
119,D66499949-CNIC,thinkdigital.coop,H135150,CENENGCOOPLIM,27/04/2018,Central England Co-operative Limited,Central House,,,Lichfield,Lichfield,ENG,England,GB,GBR,WS13 6RH,WS13 6RH,52.6916,-1.80955,0.7,,
120,D70651890-CNIC,connectfield.coop,H18375427,cor-14221683,20/06/2018,CRISTAL UNION,ROUTE D ARCIS SUR AUBE,,Rue de l'Aube,VILLETTE SUR AUBE,Villette-sur-Aube,,Grand Est,FR,FRA,10700,10700,48.53565,4.10094,0.7,,
121,D73451614-CNIC,cristalfield.coop,H18375427,cor-14221683,02/08/2018,CRISTAL UNION,ROUTE D ARCIS SUR AUBE,,Rue de l'Aube,VILLETTE SUR AUBE,Villette-sur-Aube,,Grand Est,FR,FRA,10700,10700,48.53565,4.10094,0.7,,
122,D73369269-CNIC,sphlm.coop,H18375427,cor-14229201,01/08/2018,SOCIETE POINTOISE D'HLM DE LE GUAGELOUPE,62 rue Paul LACAVE,51,Rue Paul Lacave,POINTE A PITRE,Pointe-à-Pitre,,Guadeloupe,GP,GLP,97152,97110,16.2421,-61.53332,0.95,,
123,D73370244-CNIC,sphlm-location.coop,H18375427,cor-14229201,01/08/2018,SOCIETE POINTOISE D'HLM DE LE GUAGELOUPE,62 rue Paul LACAVE,51,Rue Paul Lacave,POINTE A PITRE,Pointe-à-Pitre,,Guadeloupe,GP,GLP,97152,97110,16.2421,-61.53332,0.95,,
124,D73370259-CNIC,sphlmaccession.coop,H18375427,cor-14229201,01/08/2018,SOCIETE POINTOISE D'HLM DE LE GUAGELOUPE,62 rue Paul LACAVE,51,Rue Paul Lacave,POINTE A PITRE,Pointe-à-Pitre,,Guadeloupe,GP,GLP,97152,97110,16.2421,-61.53332,0.95,,
125,D73370294-CNIC,sphlm-accession.coop,H18375427,cor-14229201,01/08/2018,SOCIETE POINTOISE D'HLM DE LE GUAGELOUPE,62 rue Paul LACAVE,51,Rue Paul Lacave,POINTE A PITRE,Pointe-à-Pitre,,Guadeloupe,GP,GLP,97152,97110,16.2421,-61.53332,0.95,,
126,D74979579-CNIC,agricultureenvironnementintensive.coop,H18375427,cor-14233134,24/08/2018,TERRENA,La Noelle,,Impasse de la Noëlle,ANCENIS,Ancenis-Saint-Géréon,,Pays de la Loire,FR,FRA,44150,44150,47.37255,-1.17411,1,,
127,D79601479-CNIC,wow-societaire.coop,H18375427,cor-14261608,18/10/2018,CREDIT AGRICOLE S.A.,12 Place des Etats Unis,12,Place des États-Unis,MONTROUGE CEDEX,Montrouge,,Île-de-France,FR,FRA,92127,92120,48.81768,2.31589,0.85,,
128,D79601499-CNIC,wowbyca.coop,H18375427,cor-14261608,18/10/2018,CREDIT AGRICOLE S.A.,12 Place des Etats Unis,12,Place des États-Unis,MONTROUGE CEDEX,Montrouge,,Île-de-France,FR,FRA,92127,92120,48.81768,2.31589,0.85,,
129,D79601514-CNIC,wowsocietaire.coop,H18375427,cor-14261608,18/10/2018,CREDIT AGRICOLE S.A.,12 Place des Etats Unis,12,Place des États-Unis,MONTROUGE CEDEX,Montrouge,,Île-de-France,FR,FRA,92127,92120,48.81768,2.31589,0.85,,
130,D79601534-CNIC,wow-by-ca.coop,H18375427,cor-14261608,18/10/2018,CREDIT AGRICOLE S.A.,12 Place des Etats Unis,12,Place des États-Unis,MONTROUGE CEDEX,Montrouge,,Île-de-France,FR,FRA,92127,92120,48.81768,2.31589,0.85,,
131,D83405499-CNIC,agrinium.coop,H18375427,cor-14266572,14/11/2018,TRISKALIA,ZONE INDUSTRIELLE DE LANRINOU,,Route de Lanrinou,LANDERNEAU,Landerneau,,Bretagne,FR,FRA,29800,29800,48.45292,-4.23441,0.64,,
132,D70519230-CNIC,limepie.coop,H5261954,core1575ZCfzbJ0,18/06/2018,Wantech GmbH,Wastlweg 2,2,Wastlweg,Hauzenberg,Hauzenberg,Bayern,Bayern,DE,DEU,94051,94051,48.62956,13.64182,1,,
133,D7889833-CNIC,credit-agricole.coop,H18375427,core-C10376852,07/07/2010,CREDIT AGRICOLE SA,91 93 bld pasteur,91,Boulevard Pasteur,PARIS,Paris,,Île-de-France,FR,FRA,75710,75015,48.83943,2.31659,0.78,,
134,D7894204-CNIC,terroirsdehauteloire.coop,H18375427,core-C11969402,16/01/2013,TERROIRS DE HAUTE LOIRE,16 Bvd Bertrand Hotel Interconsulaire,16,Boulevard Président Bertrand,Le Puy en Velay,Le Puy-en-Velay,FRANCE,Auvergne-Rhône-Alpes,FR,FRA,43012,43000,45.03575,3.88333,0.62,,
135,D7894309-CNIC,schaffer.coop,H18375427,core-C12042286,05/02/2013,Schaffer,Fasanenring 31,31,Fasanenring,Schwanewede,Schwanewede,,Niedersachsen,DE,DEU,28790,28790,53.22959,8.53749,1,,
136,D7896271-CNIC,ecosol-lacooperative.coop,H18375427,core-C12951866,31/10/2013,CHEQUE DEJEUNER CCR,27-29 avenue des Louvresses,27,Avenue des Louvresses,GENNEVILIERS,Gennevilliers,,Île-de-France,FR,FRA,92230,92230,48.94474,2.30585,0.98,,
137,D7898347-CNIC,leguerandais.coop,H18375427,core-C13554363,07/07/2014,salines de guerande,pradel,,,guerande,Guérande,pays de la loire,Pays de la Loire,FR,FRA,44350,44350,47.3195,-2.4531,1,,
138,D7898350-CNIC,lessalinesdeguerande.coop,H18375427,core-C13554363,07/07/2014,salines de guerande,pradel,,,guerande,Guérande,pays de la loire,Pays de la Loire,FR,FRA,44350,44350,47.3195,-2.4531,1,,
139,D7898353-CNIC,seldeguerande.coop,H18375427,core-C13554363,07/07/2014,salines de guerande,pradel,,,guerande,Guérande,pays de la loire,Pays de la Loire,FR,FRA,44350,44350,47.3195,-2.4531,1,,
140,D7899094-CNIC,fleurdesel.coop,H18375427,core-C13554363,30/09/2014,salines de guerande,pradel,,,guerande,Guérande,pays de la loire,Pays de la Loire,FR,FRA,44350,44350,47.3195,-2.4531,1,,
141,D16470895-CNIC,jeproduis.coop,H18375427,core-C13939310,16/02/2016,TERRENA SERVICE COMMUNICATION,La Noelle BP 199,,Impasse de la Noëlle,ANCENIS CEDEX,Ancenis-Saint-Géréon,,Pays de la Loire,FR,FRA,44150,44150,47.37255,-1.17411,0.68,,
142,D44372548-CNIC,eolys.coop,H18375427,core-C14062385,15/02/2017,TRISKALIA,SERVICE DSMAA9929 ZI DE LANRINOU CS 20100,,Route de Lanrinou,LANDERNEAU,Landerneau,,Bretagne,FR,FRA,29800,29800,48.45292,-4.23441,0.49,,
143,D49160939-CNIC,up-groupe.coop,H18375427,core-C14094180,03/07/2017,UP,27-29 avenue des Louvresses,27,Avenue des Louvresses,GENNEVILLIERS,Gennevilliers,,Île-de-France,FR,FRA,92230,92230,48.94474,2.30585,0.99,,
144,D66417474-CNIC,la-marque-des-agriculteurs.coop,H18375427,core-C14173901,26/04/2018,TERRENA,La Noelle,,Impasse de la Noëlle,ANCENIS,Ancenis-Saint-Géréon,,Pays de la Loire,FR,FRA,44150,44150,47.37255,-1.17411,1,,
145,D66417484-CNIC,lamarquedesagriculteurs.coop,H18375427,core-C14173901,26/04/2018,TERRENA,La Noelle,,Impasse de la Noëlle,ANCENIS,Ancenis-Saint-Géréon,,Pays de la Loire,FR,FRA,44150,44150,47.37255,-1.17411,1,,
146,D7882216-CNIC,architekten.coop,H18375427,core-C3706630-CP,28/03/2003,dipl. Arch. ETH/SIA,Leonhardsgraben 52,52,Leonhardsgraben,Basel,Basel,,BS,CH,CHE,4051,4051,47.55552,7.58684,1,,
147,D7882744-CNIC,koponas.coop,H18375427,core-C4025764-CP,02/10/2003,Koponas ( Koperasi Pos Nasional Berhad),Jalan Tun Sambanthan,,Jalan Tun Sambanthan,Kuala Lumpur,Kuala Lumpur,Selangor,Wilayah Persekutuan,MY,MYS,50470,50470,3.12755,101.6832,0.83,,
148,D7883188-CNIC,cecosol.coop,H1167922-EUR,core-C4573929-CP,05/04/2004,CECOSOL,Suite 500,,,Quebec,Québec,Quebec,QC,CA,CAN,G1K 3G6,G1K 3G6,46.81197,-71.22859,1,,
149,D7884874-CNIC,hypotheco.coop,H1167922-EUR,core-C4573929-CP,18/04/2006,CECOSOL,Suite 500,,,Quebec,Québec,Quebec,QC,CA,CAN,G1K 3G6,G1K 3G6,46.81197,-71.22859,1,,
150,D7886365-CNIC,ecosolidaire.coop,H1167922-EUR,core-C4573929-CP,27/11/2007,CECOSOL,Suite 500,,,Quebec,Québec,Quebec,QC,CA,CAN,G1K 3G6,G1K 3G6,46.81197,-71.22859,1,,
151,D7883698-CNIC,legacoop-piemonte.coop,H17861329,core-C5814642-CP,30/11/2004,Lega delle Cooperative - Comitato regionale Piemontese,"Via Livorno, 49",49,Via Livorno,Torino,Torino,TO,Piemonte,IT,ITA,10100,10144,45.08734,7.66924,0.94,,
152,D7883779-CNIC,banquepopulaire.coop,H18375427,core-C5982016-CP,29/12/2004,Bq Fed. des Banques Populaires,"Ponant de Paris 5, rue Leblanc",15,Rue Leblanc,PARIS CEDEX 15,Paris,,Île-de-France,FR,FRA,75511,75015,48.83981,2.27297,0.61,,
153,D7884028-CNIC,interactive.coop,H17861329,core-C6369899-CP,31/03/2005,Cooperativa Interactive scrl,Via Castello 11,13,Via Castello,Villareggia,Villareggia,TO,Piemonte,IT,ITA,10030,10030,45.31143,7.97827,0.99,,
154,D7884436-CNIC,raildata.coop,H18375427,core-C7161823-CP,28/09/2005,Raildata,Centralbahnstrasse 6,6,Centralbahnstrasse,Basel,Basel,,BS,CH,CHE,4051,4051,47.54816,7.58797,1,,
155,D7896928-CNIC,polemed.coop,H18375427,core-C8938405-CP,17/02/2014,Anima Network Association,"10 pl. Joliette, les Docks",10,Place de la Joliette,Marseille,Marseille,,Provence-Alpes-Côte d'Azur,FR,FRA,13002,13002,43.30529,5.36552,0.77,,
156,D7898563-CNIC,anima.coop,H18375427,core-C8938405-CP,29/07/2014,Anima Network Association,"10 pl. Joliette, les Docks",10,Place de la Joliette,Marseille,Marseille,,Provence-Alpes-Côte d'Azur,FR,FRA,13002,13002,43.30529,5.36552,0.77,,
157,D7886098-CNIC,mobility.coop,H18375427,core-C8970072-CP,28/08/2007,Mobility CarSharing Schweiz,Guetschstrasse 2,2,Gütschstrasse,Luzern 7,Luzern,,LU,CH,CHE,6000,6003,47.0521,8.29833,0.9,,
158,D7886245-CNIC,southcentralpower.coop,H18375427,core-C9131563-CP,29/10/2007,South Central Power Company (Cooperative),-,,,Lancaster,Lancaster,OH,OH,US,USA,43130,43130,39.71744,-82.60022,1,,
159,D7887613-CNIC,aelia.coop,H18375427,core-C9935641-CP,30/12/2008,cerp bretagne nord,22 rue Chaptal - CS 50117,22,Rue Jean Chaptal,Saint Brieuc Cedex 1,Saint-Brieuc,Bretagne,Bretagne,FR,FRA,22001,22000,48.50884,-2.73419,0.69,,
160,D7887616-CNIC,cerp-bn.coop,H18375427,core-C9935641-CP,30/12/2008,cerp bretagne nord,22 rue Chaptal - CS 50117,22,Rue Jean Chaptal,Saint Brieuc Cedex 1,Saint-Brieuc,Bretagne,Bretagne,FR,FRA,22001,22000,48.50884,-2.73419,0.69,,
161,D7887619-CNIC,cerpbn.coop,H18375427,core-C9935641-CP,30/12/2008,cerp bretagne nord,22 rue Chaptal - CS 50117,22,Rue Jean Chaptal,Saint Brieuc Cedex 1,Saint-Brieuc,Bretagne,Bretagne,FR,FRA,22001,22000,48.50884,-2.73419,0.69,,
162,D75352694-CNIC,lpp.coop,H1167922-EUR,CS108653-GANDI,29/08/2018,Les Petits Producteurs SCRLFs,Rue Pierreuse 23,23,Rue Pierreuse,Liege,Liège,,Wallonie,BE,BEL,4000,4000,50.64686,5.57296,1,,
163,D77717189-CNIC,insiders.coop,H1167922-EUR,CS109047-GANDI,29/09/2018,SCOP IT,5 Rue Richard Lenoir,11,Rue Richard Lenoir,Paris,Paris,11,Île-de-France,FR,FRA,75011,75011,48.85478,2.38214,0.95,,
164,D77490529-CNIC,easycoop.coop,H1167922-EUR,CS324-GANDI,26/09/2018,Societe cooperative agricole,16 rue Georges Charpak,16,Rue Georges Charpak,MONT SAINT AIGNAN,Mont-Saint-Aignan,,Normandie,FR,FRA,76134,76130,49.47673,1.09922,0.98,,
165,D47735873-CNIC,tretorri.coop,H1167922-EUR,CTT49-GANDI,12/05/2017,COOPERATIVA TRE TORRI,Via Mauro Macchi n. 8,8,Via Mauro Macchi,Milano,Milano,MI,Lombardia,IT,ITA,20124,20124,45.48168,9.20457,1,,
166,D68882600-CNIC,commongoods.coop,H17050822,cyl85kwvzl,30/05/2018,Common Goods Cooperative Grocery,PO Box 4375,,,South Bend,South Bend,Indiana,IN,US,USA,46634,46634,41.6723,-86.24972,0.66,,
167,D48281453-CNIC,brightly.coop,H1167922-EUR,CZ952-GANDI,02/06/2017,Brightly,443 39th Street,443,39th St,Brooklyn,Brooklyn,,NY,US,USA,11232,11232,40.65207,-74.00478,1,,
168,D67850189-CNIC,montanaclub.coop,H17050822,d5vme0nvw7,18/05/2018,Original Montana Club,24 West 6th Ave,24,W 6th Ave,Helena,Helena,Montana,MT,US,USA,59601,59601,46.58953,-112.03922,1,,
169,D76077934-CNIC,forest.coop,H17050822,d8j45rzufy,07/09/2018,Waldmenschen eG,Stangestraße 3,3,Stangestraße,Hamburg,Hamburg,,Hamburg,DE,DEU,22765,22765,53.5519,9.9316,0.97,,
170,D80204544-CNIC,aroundtheworld.coop,H17050822,d8pef0lv2b,24/10/2018,aroundtheworld.coop onlus,"Vicolo dell'Acquedotto Felice, 100",100,Vicolo dell'Acquedotto Felice,Rome,Roma,,Lazio,IT,ITA,178,178,41.86368,12.54268,1,,
171,D65246979-CNIC,villageoffice.coop,H1167922-EUR,DB11055-GANDI,06/04/2018,VillageOffice,Effingerstrasse 10,10,Effingerstrasse,Bern,Bern,,BE,CH,CHE,3011,3011,46.94604,7.43581,1,,
172,D65246984-CNIC,village-office.coop,H1167922-EUR,DB11055-GANDI,06/04/2018,VillageOffice,Effingerstrasse 10,10,Effingerstrasse,Bern,Bern,,BE,CH,CHE,3011,3011,46.94604,7.43581,1,,
173,D67070899-CNIC,empleosolidario.coop,H17050822,db4lcec42i,07/05/2018,La Equidad Seguros,Cra. 9A # 99 – 07 Piso 15 Bogotá,,Bogot?,Bogotá,,Cundinamarca,,11111,,,,,,,,
174,D7887055-CNIC,ccofgny.coop,H79615,dbk0D0BJFO6461H,04/06/2008,coordinating council of cooperatives,321 eughth avenue,321,Avenue C,new york,New York,NY,NY,us,USA,10001,10009,40.73196,-73.97468,0.77,,
175,D7877356-CNIC,agco.coop,H79615,dbk0DBTQ3GJJ9L1,08/12/2001,"AGCO, Inc.",P.O. Box 668,,,Russell,Russell,KS,KS,us,USA,67665,67665,38.88629,-98.86179,0.65,,
176,D7877359-CNIC,agcoinc.coop,H79615,dbk0DBTQ3GJJ9L1,08/12/2001,"AGCO, Inc.",P.O. Box 668,,,Russell,Russell,KS,KS,us,USA,67665,67665,38.88629,-98.86179,0.65,,
177,D7879765-CNIC,BridonCordage.coop,H79615,dbk0DKRPX9SX40S,15/08/2001,"Universal Cooperatives, Inc.",1300 Corporate Center Curve,1300,Corporate Center Curv,Eagan,Eagan,MN,MN,us,USA,55121,55121,44.85595,-93.16151,1,,
178,D7883020-CNIC,unitedsolutions.coop,H79615,dbk0FJBDMRW9U0F,18/02/2004,United Solutions Company,1585 Summit Lake Drive,1585,Summit Lake Dr,Tallahassee,Tallahassee,FL,FL,us,USA,32317,32317,30.48606,-84.14958,1,,
179,D7887253-CNIC,nwdairy.coop,H79615,dbk0GMZ6BK57SR9,08/08/2008,Darigold Inc,1130 Rainier Ave S,1130,Rainier Ave S,Seattle,Seattle,WA,WA,us,USA,98144,98144,47.59313,-122.30901,1,,
180,D7887262-CNIC,darigold.coop,H79615,dbk0GMZ6BK57SR9,08/08/2008,Darigold Inc,1130 Rainier Ave S,1130,Rainier Ave S,Seattle,Seattle,WA,WA,us,USA,98144,98144,47.59313,-122.30901,1,,
181,D7884706-CNIC,ohop.coop,H79615,dbk0IXLVI73GXA0,21/02/2006,Ohop Mutual Light Company,34014 Mtn Hwy E,34014,Mountain Hwy E,Eatonville,Eatonville,WA,WA,us,USA,98328,98328,46.94655,-122.35814,1,,
182,D7883104-CNIC,uppervalleyfood.coop,H79615,dbk0J25B8QOKPWE,21/03/2004,Upper Valley Food Co-op,193 North Main Street,193,N Main St,White River Jct,White River Junction,VT,VT,us,USA,5001,5001,43.65024,-72.32217,1,,
183,D7884985-CNIC,nicoletcu.coop,H79615,dbk0TZ7QVLZ9L1E,01/06/2006,Nicolet Credit Union,633 N. Railroad St,633,N Railroad St,Eagle River,Eagle River,WI,WI,us,USA,54521,54521,45.92374,-89.25478,1,,
184,D7883368-CNIC,cuop.coop,H79615,dbk1011082303707,14/07/2004,Toledo Area Community Credit Union,,,,Sylvania,Sylvania,Ohio,OH,US,USA,43560,43560,41.70168,-83.71566,1,,
185,D7883371-CNIC,cu-op.coop,H79615,dbk1011082303707,14/07/2004,Toledo Area Community Credit Union,,,,Sylvania,Sylvania,Ohio,OH,US,USA,43560,43560,41.70168,-83.71566,1,,
186,D7883191-CNIC,cwpower.coop,H79615,dbk1422045716272,05/04/2004,Crow Wing Power,P.O. Box 507,,,Brainerd,Brainerd,Minnesota,MN,US,USA,56401,56401,46.34978,-94.17023,0.72,,
187,D7886191-CNIC,ccfa.coop,H79615,dbk15TRV4BTX60V,04/10/2007,Central Colorado Foodshed Alliance,PO BOX 202,,,SALIDA,Salida,CO,CO,us,USA,81201,81201,38.53851,-106.01759,0.63,,
188,D7884076-CNIC,pcecboard.coop,H79615,dbk1707102436519,11/04/2005,"Platte-Clay Electric Cooperative, Inc.",PO Box 100,,,Kearney,Kearney,MO,MO,US,USA,64060,64060,39.36876,-94.36232,0.65,,
189,D7883116-CNIC,gecu.coop,H79615,dbk1960123922175,23/03/2004,Government ECU of El Paso,PO Box 20998,,,El Paso,El Paso,TX,TX,US,USA,79998,79998,31.75917,-106.48749,0.61,,
190,D7879750-CNIC,Twine.coop,H79615,dbk1EHZ2WUOXLTY,15/08/2001,"Universal Cooperatives, Inc.",1300 Corporate Center Curve,1300,Corporate Center Curv,Eagan,Eagan,MN,MN,us,USA,55121,55121,44.85595,-93.16151,1,,
191,D7885357-CNIC,restoremypower.coop,H79615,dbk1F7AQUI8OPLD,14/11/2006,Butler County REC,P.O. Box 98,,,Allison,Allison,IA,IA,us,USA,50602,50602,42.75163,-92.79519,0.67,,
192,D7884085-CNIC,islavistafood.coop,H79615,dbk1GBBBNUIY4BZ,14/04/2005,Isla Vista Food Cooperative,6575 Seville,6575,Seville Rd,Goleta,Goleta,CA,CA,us,USA,93117,93117,34.4116751,-119.8575627,1,,
193,D7889101-CNIC,alvaradostreetbakery.coop,H79615,dbk1LMGQXMI6TMT,20/01/2010,Alvarado Street Bakery,2225 S McDowell Blvd Extension,2225,S McDowell Blvd Ext,Petaluma,Petaluma,CA,CA,us,USA,94954,94954,38.23069,-122.59138,1,,
194,D7882768-CNIC,oasis.coop,H79615,dbk1MJDZKVCLEI2,22/10/2003,GreenStar Cooperative Market,701 W. Buffalo Street,701,W Buffalo St,Ithaca,Ithaca,NY,NY,us,USA,14850-3319,14850,42.44081,-76.51094,1,,
195,D7884505-CNIC,panhandle.coop,H79615,dbk2144123924709,01/11/2005,Panhandle Cooperative Association,P.O. Box 2188,,,Scottsbluff,Scottsbluff,NE,NE,US,USA,69363,69363,41.86178,-103.66273,0.66,,
196,D7883617-CNIC,ohiocreditunions.coop,H79615,dbk2448050017660,25/10/2004,OHIOCUL,,,,Dublin,Dublin,Ohio,OH,US,USA,43017,43017,40.11438,-83.13219,1,,
197,D7883206-CNIC,yadtel.coop,H79615,dbk2533083853651,15/04/2004,Yadkin Valley Telephone Membership Corporation,P.O. Box 368,,,Yadkinville,Yadkinville,NC,NC,US,USA,27055,27055,36.12289,-80.63971,0.69,,
198,D7883305-CNIC,wabashtelephone.coop,H79615,dbk2585013537395,11/06/2004,"Wabash Telephone Coop, Inc.",,,,Louisville,Louisville,IL,IL,US,USA,62858,62858,38.77189,-88.50583,1,,
199,D7883467-CNIC,cnmec.coop,H79615,dbk2592124141323,03/09/2004,"Central New Mexico Electric Cooperative, Inc.,",,,,Morairty,Moriarty,New Mexico,NM,US,USA,87035,87035,34.98197,-106.15723,0.95,,
200,D7883164-CNIC,sewardparkhousing.coop,H79615,dbk2697045952481,29/03/2004,Seward Park Housing Corp,413 Grand Street,413,Grand St,New York,New York,NY,NY,US,USA,10002,10002,40.71537,-73.98647,1,,
201,D7884400-CNIC,coservcharitablefoundation.coop,H79615,dbk2853054744570,20/09/2005,CoServ Electric,7701 South Stemmons,7701,Stemmons Fwy,Corinth,Corinth,TX,TX,US,USA,76210,76210,33.14084,-97.04456,0.94,,
202,D7891747-CNIC,wqscc.coop,H79615,dbk2DM9ELOJ2I82,05/10/2011,Quality Supply Chain Co-op,One Dave Thomas Blvd,1,Dave Thomas Blvd,Dublin,Dublin,OH,OH,us,USA,43017,43017,40.10042,-83.10417,1,,
203,D7891750-CNIC,qscc.coop,H79615,dbk2DM9ELOJ2I82,05/10/2011,Quality Supply Chain Co-op,One Dave Thomas Blvd,1,Dave Thomas Blvd,Dublin,Dublin,OH,OH,us,USA,43017,43017,40.10042,-83.10417,1,,
204,D7885963-CNIC,udwiremc.coop,H79615,dbk2FPEH7H1Z72N,28/06/2007,UDWI REMC,PO Box 427,,,Bloomfield,Bloomfield,IN,IN,us,USA,47424,47424,39.02823,-86.87119,0.67,,
205,D7889296-CNIC,gohorizon.coop,H79615,dbk2GKC7C9P05DQ,23/02/2010,Horizon Resources,216 2nd Ave West,216,2nd Ave W,Williston,Williston,ND,ND,us,USA,58801,58801,48.14576,-103.62548,1,,
206,D7878175-CNIC,midstate.coop,H79615,dbk2JSA6UNY4Z12,23/08/2001,Midstate Communications,120 East First,200,E 1st St,Kimball,Kimball,SD,SD,us,USA,57355,57355,43.7476349,-98.9554808,0.9,,
207,D7879759-CNIC,HayProducts.coop,H79615,dbk2NVS53PPD88Z,15/08/2001,"Universal Cooperatives, Inc.",1300 Corporate Center Curve,1300,Corporate Center Curv,Eagan,Eagan,MN,MN,us,USA,55121,55121,44.85595,-93.16151,1,,
208,D7883551-CNIC,medinaec.coop,H79615,dbk3148030832445,17/09/2004,"Medina Electric Cooperative, Inc.",,,,Hondo,Hondo,Texas,TX,US,USA,78861,78861,29.34863,-99.14394,1,,
209,D7880962-CNIC,fccuonline.coop,H79615,dbk31BKXDMO5B51,27/02/2002,Florida Central Credit Union,3333 Henderson Blvd.,3333,Henderson Blvd,Tampa,Tampa,FL,FL,us,USA,33609,33609,27.94065,-82.49932,1,,
210,D7891219-CNIC,mtnwestcua.coop,H79615,dbk328ZBEZLW7D4,18/05/2011,Rob Stahl,1009 Grant St,1009,N Grant St,Denver,Denver,CO,CO,us,USA,80203,80203,39.7324,-104.984,1,,
211,D7883584-CNIC,email.coop,H79615,dbk3295074710131,05/10/2004,Canadian Broadband And Technology Cooperative,,,,Coquitlam,Coquitlam,BC,BC,CA,CAN,V3K 4H2,V3K 4H2,49.23765,-122.87314,1,,
212,D7884133-CNIC,organicplanet.coop,H79615,dbk3859110951893,06/05/2005,Organic Planet Worker Co-op,877 Westminster Avenue,877,Westminster Ave,Winnipeg,Winnipeg,MB,MB,CA,CAN,R3G 1B3,R3G 1B3,49.88178,-97.17038,1,,
213,D7884001-CNIC,mea.coop,H217064,dbk3972035301802,21/03/2005,"Matanuska Electric Association, Inc.",163 E. Industrial Way,163,E Industrial Way,Palmer,Palmer,AK,AK,US,USA,99645,99645,61.593,-149.11608,1,,
214,D7890232-CNIC,medicalmarijuana.coop,H79615,dbk3H60H6KU3M0L,06/10/2010,Conscious Care Cooperative,4467 Honeymoon Bay road,4467,Honeymoon Bay Rd,Greenbank,Greenbank,WA,WA,us,USA,98253,98253,48.0496,-122.54049,1,,
215,D7881784-CNIC,leroycoop.coop,H79615,dbk3KTC11I9T5WC,18/10/2002,Leroy Cooperative Association. Inc,P O Box 248.,,,Leroy,Le Roy,KS,KS,us,USA,66857,66857,38.08998,-95.63378,0.6,,
216,D7886335-CNIC,mycubpdemo.coop,H79615,dbk3R7QLCKBGP6N,14/11/2007,Mid Atlantic Corp FCU,1201 Fulling Mill Road,1201,Fulling Mill Rd,Middletown,Middletown,PA,PA,us,USA,17057,17057,40.22668,-76.76309,1,,
217,D7888225-CNIC,fqcms.coop,H79615,dbk3RSD5VUTZ8G6,02/07/2009,Claude Croteau,Bur.205,,,Anjou,Montréal,Quebec,QC,us,CAN,H1M 2X6,H1M 2X6,45.60078,-73.55973,0.91,,
218,D7886908-CNIC,aafesfcu.coop,H79615,dbk3U8Y9K83N11Z,21/04/2008,AAFES Federal Credit Union,4630 Exchange Service Drive,4630,Exchange Service Dr,Dallas,Dallas,TX,TX,us,USA,75236,75236,32.69366,-96.89764,1,,
219,D7884742-CNIC,kodiak.coop,H79615,dbk3XFNPDRFT2CH,02/03/2006,"Kodiak Electric Association, Inc.",PO Box 787,,,Kodiak,Kodiak,AK,AK,us,USA,99615-0787,99615,57.79273,-152.40183,0.69,,
220,D7883563-CNIC,joemc.coop,H79615,dbk4004014339726,24/09/2004,Jones-Onslow EMC,,,,Jacksonville,Jacksonville,NC,NC,US,USA,28546,28546,34.78341,-77.38448,1,,
221,D7883614-CNIC,dncu.coop,H79615,dbk4472114621133,25/10/2004,Del Norte Credit Union,,,,Los Alamos,Los Alamos,NM,NM,US,USA,87544,87544,35.88614,-106.30347,1,,
222,D7884430-CNIC,tcc.coop,H79615,dbk4766105952368,27/09/2005,Tri-County Telephone Cooperative,PO Box 578,,,Strum,Strum,WI,WI,US,USA,54770,54770,44.55198,-91.39136,0.62,,
223,D7884046-CNIC,wine.coop,H79615,dbk4811032107413,05/04/2005,The Wine Co-op,,,,Napa,Napa,CA,CA,US,USA,94558,94558,38.32175,-122.29733,1,,
224,D7886731-CNIC,cumpane.coop,H79615,dbk48UNRR7SGNYY,08/03/2008,cum pane ekologisk bakverkstad ek. f..r.,St..th..llaregatan 34,,,G..teborg,Göteborg,Sweden,Västra Götalands län,se,SWE,41469,414 69,57.68421,11.92707,0.5,,
225,D7878745-CNIC,azcreditunions.coop,H79615,dbk49CZ0SCU4S7C,17/12/2001,Arizona Credit Union League,Suite 211,,,Phoenix,Phoenix,AZ,AZ,us,USA,85021-1608,85021,33.55304,-112.10361,1,,
226,D7886593-CNIC,umbs.coop,H79615,dbk4ESL9ZDD5W2H,20/02/2008,United Solutions Company,Suite 102,,,Tallahassee,Tallahassee,FL,FL,us,USA,32308,32308,30.49522,-84.24544,1,,
227,D7889557-CNIC,wmgt.coop,H79615,dbk4J0X65X2FRYZ,21/04/2010,Western MT G&T,"Panorama Park, Suite 206",,Panorama Trl,Missoula,Condon,MT,MT,us,USA,59803-1340,59826,47.50773,-113.68639,0.94,,
228,D7882189-CNIC,cwt.coop,H79615,dbk4YF0W034D5IV,24/03/2003,National Milk Producers Federation,"2101 Wilson Blvd., Suite 400",2101,Wilson Blvd,Arlington,Arlington,VA,VA,us,USA,22201,22201,38.8916593,-77.0850673,1,,
229,D7886746-CNIC,sweci.coop,H217064,dbk504TAIHL02BI,13/03/2008,"Southwestern Electric Cooperative, Inc.",P.O. Box 549,,,Greenville,Greenville,IL,IL,us,USA,62246,62246,38.89126,-89.40868,0.71,,
230,D7879630-CNIC,rei-outlet.coop,H79615,dbk52NVNGNJ05QH,01/02/2002,"Recreational Equipment, Inc.",6750 S. 228th Street,6750,S 228th St,Kent,Kent,WA,WA,us,USA,98032-4803,98032,47.39855,-122.25091,1,,
231,D7879633-CNIC,gearmail.coop,H79615,dbk52NVNGNJ05QH,01/02/2002,"Recreational Equipment, Inc.",6750 S. 228th Street,6750,S 228th St,Kent,Kent,WA,WA,us,USA,98032-4803,98032,47.39855,-122.25091,1,,
232,D7879636-CNIC,reiadventures.coop,H79615,dbk52NVNGNJ05QH,01/02/2002,"Recreational Equipment, Inc.",6750 S. 228th Street,6750,S 228th St,Kent,Kent,WA,WA,us,USA,98032-4803,98032,47.39855,-122.25091,1,,
233,D7879639-CNIC,rei.coop,H79615,dbk52NVNGNJ05QH,06/03/2002,"Recreational Equipment, Inc.",6750 S. 228th Street,6750,S 228th St,Kent,Kent,WA,WA,us,USA,98032-4803,98032,47.39855,-122.25091,1,,
234,D7881712-CNIC,myrei.coop,H79615,dbk52NVNGNJ05QH,26/09/2002,"Recreational Equipment, Inc.",6750 S. 228th Street,6750,S 228th St,Kent,Kent,WA,WA,us,USA,98032-4803,98032,47.39855,-122.25091,1,,
235,D7892128-CNIC,cucoop.coop,H79615,dbk5RWLVVUWNIAZ,30/11/2011,Timmy Bohlman,Suite 100,,,Plymouth,Plymouth,MI,MI,us,USA,48170-8054,48170,42.37245,-83.46748,1,,
236,D7886320-CNIC,mycubpsucks.coop,H79615,dbk5S7UY06698AE,14/11/2007,Mid Atlantic Corp FCU,1201 Fulling Mill Road,1201,Fulling Mill Rd,Middletown,Middletown,PA,PA,us,USA,17057,17057,40.22668,-76.76309,1,,
237,D7890265-CNIC,allianceforaffordablehealthcare.coop,H79615,dbk5YC45ZCJX0BZ,15/10/2010,Alliance for Affordable Healthcare,4248 Park Glen Road,4248,Park Glen Rd,Minneapolis,Minneapolis,MN,MN,us,USA,55416,55416,44.94487,-93.33426,1,,
238,D7883140-CNIC,glenwood.coop,H79615,dbk6061024721417,24/03/2004,Glenwood Telephone Membership Cooperative,510 West Gage Street,510,W Gage St,Blue Hill,Blue Hill,NE,NE,US,USA,68930,68930,40.33288,-98.44891,1,,
239,D7884262-CNIC,venture.coop,H79615,dbk6061101920215,11/07/2005,Venture Communications,PO Box 157,,,Highmore,Highmore,SD,SD,US,USA,57345,57345,44.51807,-99.44248,0.66,,
240,D7883587-CNIC,peninsulafcu.coop,H79615,dbk6520102457691,07/10/2004,Peninsula Federal Credit Union,,,,Plymouth,Plymouth,Michigan,MI,US,USA,48170,48170,42.37131,-83.47835,1,,
241,D7884223-CNIC,gnms.coop,H79615,dbk6757074112887,17/06/2005,Greater Nevada Credit Union,P.O. Box 2128,,,Carson City,Carson City,Nv,NV,US,USA,89701,89701,39.16487,-119.76105,0.67,,
242,D7884112-CNIC,rsi.coop,H79615,dbk6929114311326,25/04/2005,"Restaurant Services, Inc.",Suite 500,,,Coral Gables,Coral Gables,Florida,FL,US,USA,33134,33134,25.74924,-80.26295,1,,
243,D7884808-CNIC,sefcu.coop,H79615,dbk6A1P3TH2OEQP,28/03/2006,SEFCU,700 Patroon Creek Blvd,700,Patroon Creek Blvd,Albany,Albany,NY,NY,us,USA,12206,12206,42.6848,-73.80848,1,,
244,D7887229-CNIC,aerospaceconference.coop,H79615,dbk6CX5KJG2JGHL,30/07/2008,BECU,PO Box 97050,,,Seattle,Seattle,Washington,WA,us,USA,98124,98124,47.58146,-122.32901,0.68,,
245,D7889134-CNIC,ohiovalleyccu.coop,H79615,dbk6H0A61SUAGI8,29/01/2010,Ohio Valley Community Credit Union,52775 Boston Hill Road,,,Clarington,Clarington,OH,OH,us,USA,43915,43915,39.75845,-80.89666,0.55,,
246,D7877740-CNIC,aurora.coop,H79615,dbk6MBJM6Z10YKX,14/01/2002,Aurora Cooperative Elevator Co,"PO Box 209, 605 12th St",605,12th St,Aurora,Aurora,NE,NE,us,USA,68818-0209,68818,40.86301,-98.00396,0.77,,
247,D7880614-CNIC,bfgfcu.coop,H79615,dbk6U6DOIYPHSZ9,01/02/2002,BFG Federal Credit Union,445 S MAIN ST,445,S Main St,Akron,Akron,OH,OH,us,USA,44311,44311,41.07407,-81.52356,1,,
248,D7879345-CNIC,pccu.coop,H79615,dbk6UM16O6XFS3V,29/11/2001,Perfect Circle CU,631 E. Main St.,631,E Main St,Hagerstown,Hagerstown,IN,IN,us,USA,47346,47346,39.9098,-85.14533,1,,
249,D7883581-CNIC,connect.coop,H79615,dbk7009060951738,05/10/2004,Canadian Broadband and Technology Co-operative,,,,Coquitlam,Coquitlam,BC,BC,CA,CAN,V3K 4H2,V3K 4H2,49.23765,-122.87314,1,,
250,D7886329-CNIC,midatlanticcorpsucks.coop,H79615,dbk70CS4KZQQXNT,14/11/2007,Mid Atlantic Corp FCU,1201 Fulling Mill Road,1201,Fulling Mill Rd,Middletown,Middletown,PA,PA,us,USA,17057,17057,40.22668,-76.76309,1,,
251,D7884469-CNIC,flatbushfood.coop,H79615,dbk7255084934108,13/10/2005,Flatbush Food Coop,1318 Cortelyou Road,1318,Cortelyou Rd,Brooklyn,Brooklyn,New York,NY,US,USA,11226,11226,40.64054,-73.96553,1,,
252,D7883644-CNIC,naturesbakery.coop,H79615,dbk7601041519173,05/11/2004,Nature's Bakery Cooperative,,,,Madison,Madison,WI,WI,US,USA,53704,53704,43.12626,-89.35502,1,,
253,D7884247-CNIC,firstlightfcu.coop,H79615,dbk7683055529510,01/07/2005,FirstLight Federal Credit Union,9983 Kenworthy St,9983,Kenworthy St,El Paso,El Paso,TX,TX,US,USA,79924,79924,31.89589,-106.43474,1,,
254,D7883731-CNIC,hawkeyerec.coop,H79615,dbk7760125730227,13/12/2004,Hawkeye REC,,,,Cresco,Cresco,IA,IA,US,USA,52136,52136,43.37238,-92.11731,1,,
255,D7883239-CNIC,midwestenergy.coop,H79615,dbk7945100153347,05/05/2004,Midwest Energy Cooperative,,,,Cassopolis,Cassopolis,MI,MI,US,USA,49031,49031,41.8899,-85.98432,1,,
256,D7878730-CNIC,paltrustcu.coop,H79615,dbk7FIUH8YI7GUI,26/10/2001,Palmetto Trust FCU,P. O. Box 2028,1998,Columbia College Dr,Columbia,Columbia,SC,SC,us,USA,29202-2028,29203,34.0387382,-81.0225898,0.78,,
257,D7889359-CNIC,usw.coop,H79615,dbk7FMPCRL5NX4D,08/03/2010,USW,5 Gateway,5,Gateway Ctr,Pittsburgh,Pittsburgh,PA,PA,us,USA,15222,15222,40.4408562,-80.0062007,1,,
258,D7879207-CNIC,davisfood.coop,H79615,dbk7MYPTFH4IBGV,18/07/2001,"Davis Food Co-op, Inc.",620 G Street,620,G St,Davis,Davis,CA,CA,us,USA,95616-3753,95616,38.54943,-121.73994,1,,
259,D7884391-CNIC,tct.coop,H79615,dbk7PG1QG0SRTLW,13/09/2005,Tri County Telephone Assn. Inc.,405 S. 4th Street,405,S 4th St,Basin,Basin,WY,WY,us,USA,82410,82410,44.3783274,-108.0388151,1,,
260,D7877656-CNIC,ihecu.coop,H79615,dbk7RP8PFZ2BPAE,02/01/2002,International Harvester Employee CU,5000 Urbana Road,5000,Urbana Rd,Springfield,Springfield,OH,OH,us,USA,45502,45502,39.99568,-83.80155,1,,
261,D7884298-CNIC,choicecu.coop,H79615,dbk8240103324729,28/07/2005,Consumers Choice Credit Union,Suite 100,,,Plymouth,Plymouth,MI,MI,US,USA,48170-8054,48170,42.37245,-83.46748,1,,
262,D7884034-CNIC,summitfcu.coop,H79615,dbk8518083745886,01/04/2005,The Summit Federal Credit Union,,,,Rochester,Rochester,NY,NY,US,USA,14626,14626,43.21551,-77.70261,1,,
263,D7883098-CNIC,ruraltelephone.coop,H79615,dbk8579093614728,19/03/2004,Rural Telephone Cooperative Association,2418 Vine,2418,Vine St,Hays,Hays,KS,KS,US,USA,67601,67601,38.88131,-99.3175,1,,
264,D7889146-CNIC,laketrust.coop,H79615,dbk8621IW69Z16B,01/02/2010,NuUnion,501 Sounth Capitol,501,N Capitol Ave,Lansing,Lansing,MI,MI,us,USA,48933,48933,42.73875,-84.5539549,0.9,,
265,D7889149-CNIC,laketrustcu.coop,H79615,dbk8621IW69Z16B,01/02/2010,NuUnion,501 Sounth Capitol,501,N Capitol Ave,Lansing,Lansing,MI,MI,us,USA,48933,48933,42.73875,-84.5539549,0.9,,
266,D7889152-CNIC,laketrustcreditunion.coop,H79615,dbk8621IW69Z16B,01/02/2010,NuUnion,501 Sounth Capitol,501,N Capitol Ave,Lansing,Lansing,MI,MI,us,USA,48933,48933,42.73875,-84.5539549,0.9,,
267,D7883125-CNIC,becu.coop,H79615,dbk8857050035370,23/03/2004,BECU,PO Box 97050,,,Seattle,Seattle,Washington,WA,US,USA,98124,98124,47.58146,-122.32901,0.68,,
268,D7881994-CNIC,arkansassuperiorfcu.coop,H79615,dbk8HAJJIYYHPSX,20/12/2002,Arkansas Superior Federal Credit Union,PO Box 479,,,Warren,Warren,AR,AR,us,USA,71671,71671,33.60997,-92.07769,0.63,,
269,D7881997-CNIC,asfcu.coop,H79615,dbk8HAJJIYYHPSX,20/12/2002,Arkansas Superior Federal Credit Union,PO Box 479,,,Warren,Warren,AR,AR,us,USA,71671,71671,33.60997,-92.07769,0.63,,
270,D7879327-CNIC,iamunique.coop,H79615,dbk8T93QG5DQT7P,20/08/2001,I AM UNIQUE,4318 Bland Rd.,4318,Bland Rd,Raleigh,Raleigh,NC,NC,us,USA,27609,27609,35.83972,-78.61371,1,,
271,D7888999-CNIC,trivalley.coop,H79615,dbk8U38JLSCLNCG,23/12/2009,Golden Valley Electric Association,758 Illinois Street,758,Illinois St,Fairbanks,Fairbanks,AK,AK,us,USA,99701,99701,64.85352,-147.71995,1,,
272,D7884955-CNIC,statefarmcreditunion.coop,H217064,dbk8USSSOR9CL08,22/05/2006,State Farm Mutual Automobile Insurance Company,Three State Farm Plaza,3,State Farm Plz,Bloomington,Bloomington,IL,IL,us,USA,61791-0001,61701,40.4782851,-88.9540703,1,,
273,D7886392-CNIC,usuccu.coop,H79615,dbk8W63I7M1VSCK,10/12/2007,USU Charter Federal Credit Union,695 E 1000 N,695,E 1000 N,Logan,Logan,Ut,UT,us,USA,84321,84321,41.75032,-111.81676,1,,
274,D7884472-CNIC,cecpower.coop,H79615,dbk8X7QBN8RWKIX,17/10/2005,Carroll County Electric Co-Op,PO Box 67,,CR-67,Carrollton,Carrollton,OH,OH,us,USA,44615,44615,40.5643,-80.94679,0.79,,
275,D7877230-CNIC,tccu.coop,H79615,dbk909E6TM3HUF1,07/11/2001,Total Community Credit Union,25155 Goddard Road,25155,Goddard Rd,Taylor,Taylor,Michigan,MI,us,USA,48180,48180,42.22544,-83.28072,1,,
276,D7886092-CNIC,cfd.coop,H79615,dbk91GBQ3DYJRL0,23/08/2007,Co-operative Feed Dealers,PO Box 670,,,Conklin,Conklin,NY,NY,us,USA,13748,13748,42.05753,-75.81718,0.65,,
277,D7883311-CNIC,indianelectric.coop,H79615,dbk9247122407114,17/06/2004,Indian Electric Cooperative,,,,Cleveland,Cleveland,OK,OK,US,USA,74020,74020,36.26858,-96.43589,1,,
278,D7889062-CNIC,worldcarbon.coop,H79615,dbk974QD109M3AG,11/01/2010,Minnesota Rural Electric Association,11640 73rd Ave N,11640,73rd Ave N,Maple Grove,Maple Grove,MN,MN,us,USA,55369,55369,45.08793,-93.42788,1,,
279,D7883875-CNIC,wheatsfield.coop,H79615,dbk9936115702889,01/02/2005,Wheatsfield Cooperative Grocery,,,,Ames,Ames,Iowa,IA,US,USA,50010,50010,42.025,-93.6156,1,,
280,D7889218-CNIC,farmlandtrust.coop,H79615,dbk9LPY0PVA09Z7,16/02/2010,Twin pines Cooperative Foundation,216 F St. #1844,216,F St,Davis,Davis,CA,CA,us,USA,95616,95616,38.54407,-121.73981,1,,
281,D7881442-CNIC,townandcountry.coop,H79615,dbk9M6SG2CR7J1X,02/07/2002,Town & Country Co-op,813 Clark Avenue,813,Clark Ave,Ashland,Ashland,OH,OH,us,USA,44805,44805,40.87437,-82.29598,1,,
282,D7877911-CNIC,southwesttransmission.coop,H79615,dbk9W4Z6M02BHQX,18/09/2001,"SW Transmission Cooperative, Inc.",P.O. Box 2195,,,Benson,Benson,AZ,AZ,us,USA,85602,85602,31.96793,-110.29972,0.61,,
283,D7877917-CNIC,swt.coop,H79615,dbk9W4Z6M02BHQX,18/09/2001,"SW Transmission Cooperative, Inc.",P.O. Box 2195,,,Benson,Benson,AZ,AZ,us,USA,85602,85602,31.96793,-110.29972,0.61,,
284,D7884715-CNIC,swtc.coop,H79615,dbk9W4Z6M02BHQX,24/02/2006,"SW Transmission Cooperative, Inc.",P.O. Box 2195,,,Benson,Benson,AZ,AZ,us,USA,85602,85602,31.96793,-110.29972,0.61,,
285,D7888537-CNIC,newpi.coop,H79615,dbkA2ABKI80KSZN,09/10/2009,New Pioneer Cooperative Society,Unit 2A,,,Iowa City,Iowa City,IA,IA,us,USA,52240,52240,41.65505,-91.52883,0.9,,
286,D7885195-CNIC,marquettefood.coop,H1167922-EUR,dbkAH9TQCSNVV0M,07/09/2006,Marquette Food Co-op,109 West Baraga,109,W Baraga Ave,Marquette,Marquette,Michigan,MI,us,USA,49855,49855,46.54047,-87.39418,1,,
287,D7883128-CNIC,crc.coop,H79615,dbkAKLNTTG9OER8,23/03/2004,"Cooperative Response Center, Inc.",2000 8th Street NW,2000,8th St NW,Austin,Austin,MN,MN,us,USA,55912,55912,43.68668,-92.98528,1,,
288,D7880212-CNIC,utahfirst.coop,H79615,dbkAVLH0EQSMXCX,17/12/2001,Utah First FCU,208 East 800 South,208,E 800 S,Salt Lake City,Salt Lake City,UT,UT,us,USA,84111,84111,40.75169,-111.88492,1,,
289,D7885528-CNIC,saludsolidaria.coop,H79615,dbkB3B4309ORK4E,30/01/2007,SALUD SOLIDARIA,1,,,BOGOTA,,DISTRITO CAPITAL,,co,,111111111,,,,,,
290,D7890838-CNIC,cufx.coop,H79615,dbkB8EHBAMDF3UX,01/03/2011,BCU,340 N. Milwaukee Ave,340,N Milwaukee Ave,Vernon Hills,Vernon Hills,IL,IL,us,USA,60061,60061,42.23316,-87.9446,1,,
291,D7890241-CNIC,greenbelthomes.coop,H79615,dbkB9E7R7KEPIN2,08/10/2010,Greenbelt Homes Inc.,Hamilton Place,,Hamilton Pl,Greenbelt,Greenbelt,MD,MD,us,USA,20770,20770,39.00177,-76.87087,1,,
292,D7885633-CNIC,ownership.coop,H79615,dbkBA0EN1Y8E74I,01/03/2007,Ownership Co-op,405-1115 rockland ave,1115,Rockland Ave,victoria,Victoria,BC,BC,ca,CAN,V8V 3H8,V8V 3H8,48.42173,-123.35336,1,,
293,D7888366-CNIC,greencitygrowers.coop,H79615,dbkBDLLDNHFJ1EZ,21/08/2009,Green City Growers Cooperative,7475 Twin Lakes Trail,7475,Twin Lakes Trl,Chagrin Falls,Chagrin Falls,OH,OH,us,USA,44022,44022,41.4399,-81.37447,1,,
294,D7878076-CNIC,benlomand.coop,H79615,dbkBF6S8BQL34EZ,09/10/2001,Ben Lomand Telephone,311 N Chancery St,311,N Chancery St,McMinnville,McMinnville,TN,TN,us,USA,37111,37110,35.6864,-85.77495,0.97,,
295,D7879561-CNIC,onionriver.coop,H79615,dbkBPENL117IAVD,21/08/2001,Onion River Cooperative,82 S. Winooski Avenue,82,S Winooski Ave,Burlington,Burlington,VT,VT,us,USA,5401,5401,44.47816,-73.21078,1,,
296,D7879756-CNIC,BalerTwine.coop,H79615,dbkBQKKY17P79AF,15/08/2001,"Universal Cooperatives, Inc.",1300 Corporate Center Curve,1300,Corporate Center Curv,Eagan,Eagan,MN,MN,us,USA,55121,55121,44.85595,-93.16151,1,,
297,D7879762-CNIC,MyStore.coop,H79615,dbkBQKKY17P79AF,15/08/2001,"Universal Cooperatives, Inc.",1300 Corporate Center Curve,1300,Corporate Center Curv,Eagan,Eagan,MN,MN,us,USA,55121,55121,44.85595,-93.16151,1,,
298,D7878748-CNIC,arizonacreditunions.coop,H79615,dbkBWWNGA0EXI4B,17/12/2001,Arizona Credit Union League,Suite 211,,,Phoenix,Phoenix,AZ,AZ,us,USA,85021-1608,85021,33.55304,-112.10361,1,,
299,D7890073-CNIC,jeffcocu.coop,H79615,dbkC1ULUY363V1B,07/09/2010,Westerra CU,98 Spruce St.,98,Spruce St,Denver,Denver,CO,CO,us,USA,80129,80230,39.72206,-104.89451,0.81,,
300,D7884454-CNIC,horizonresources.coop,H79615,dbkC4ILYB84G7W1,04/10/2005,Horizon Resources,216 2nd Ave West,216,2nd Ave W,Williston,Williston,ND,ND,us,USA,58801,58801,48.14576,-103.62548,1,,
301,D7884295-CNIC,coastepa.coop,H79615,dbkC7A1R02P5L4I,27/07/2005,Coast Electric Power Association,18020 Highway 603,18020,Highway 603,Kiln,Kiln,MS,MS,us,USA,39556,39556,30.42993,-89.43344,1,,
302,D7885051-CNIC,magnoliaepa.coop,H79615,dbkCAEE1JFR1MTE,28/06/2006,Magnolia Electric Power Association,3012 Highway 98 E.,3012,Highway 98 E,McComb,McComb,MS,MS,us,USA,39649,39648,31.21576,-90.40595,0.97,,
303,D7886323-CNIC,mycubillpaysucks.coop,H79615,dbkCCQJKLVTUESD,14/11/2007,Mid Atlantic Corp FCU,1201 Fulling Mill Road,1201,Fulling Mill Rd,Middletown,Middletown,PA,PA,us,USA,17057,17057,40.22668,-76.76309,1,,
304,D7888384-CNIC,cbec.coop,H79615,dbkCE027C9XNZOR,26/08/2009,Craig Botetourt Electric Cooperative,26198 Craig Creek Rd,26198,Craig Creek Rd,New Castle,New Castle,VA,VA,us,USA,24127,24127,37.511935,-80.0994648,1,,
305,D7877869-CNIC,secpa.coop,H79615,dbkCJ3ARH1YM3FF,17/08/2001,SECOM,Po Box 521,,,La Junta,La Junta,CO,CO,us,USA,81050,81050,37.98089,-103.54373,0.66,,
306,D7877872-CNIC,secom.coop,H79615,dbkCJ3ARH1YM3FF,17/08/2001,SECOM,Po Box 521,,,La Junta,La Junta,CO,CO,us,USA,81050,81050,37.98089,-103.54373,0.66,,
307,D7883230-CNIC,spacecitycu.coop,H79615,dbkcu63035122442,30/04/2004,S&S Credit Union,,,,Houston,Houston,TEXAS,TX,US,USA,77003,77003,29.75245,-95.33694,1,,
308,D7890358-CNIC,myaccess.coop,H79615,dbkCZ069IU5H566,29/10/2010,Access Communications,2250 Park St,2250,Park St,Regina,Regina,SK,SK,us,CAN,S4N7K7,S4N 7K7,50.44334,-104.57344,0.93,,
309,D7880395-CNIC,seattlefurexchange.coop,H79615,dbkD5OROF2ZYFKW,30/01/2002,American Legend Cooperative,PO BOX 58308,,,Seattle,Seattle,Washington,WA,us,USA,98138-1308,98188,47.44519,-122.28984,0.71,,
310,D7888012-CNIC,interpreters.coop,H79615,dbkD6ZPD21E9N5O,03/05/2009,Interpreters Cooperative of Madison,2300 S Park St,2300,S Park St,Madison,Madison,WI,WI,us,USA,53713,53713,43.0412,-89.39511,1,,
311,D7883785-CNIC,jatara.coop,H79615,dbkdead015052320,30/12/2004,Domain Bank,,,,Bethlehem,Bethlehem,PA,PA,US,USA,18015,18015,40.60587,-75.38107,1,,
312,D7883671-CNIC,cirebon.coop,H79615,dbkdead015657842,17/11/2004,Domain Bank Inc.,,,,Bethlehem,Bethlehem,PA,PA,US,USA,18015,18015,40.60587,-75.38107,1,,
313,D7879408-CNIC,msmarket.coop,H79615,dbkDKUJ6Q5JO54B,20/12/2001,"Mississippi Market Cooperative, Inc.",622 Selby Avenue,622,Selby Ave,St. Paul,St Paul,MN,MN,us,USA,55104,55104,44.94634,-93.1266,1,,
314,D7878205-CNIC,prtcnet.coop,H79615,dbkDLQFTMVWJ7PV,17/09/2001,Peoples Rural Telephone Cooperative,PO Box 159,,,McKee,McKee,KY,KY,us,USA,40447,40447,37.51717,-84.1177,0.62,,
315,D7889914-CNIC,cathfcu.coop,H79615,dbkDZ36YYRYAMJW,30/07/2010,Timmy Bohlman,Suite 100,,,Plymouth,Plymouth,MI,MI,us,USA,48170-8054,48170,42.37245,-83.46748,1,,
316,D7888975-CNIC,placementsocial.coop,H1167922-EUR,dbkE3PYBKL3IU9R,16/12/2009,Cecosol,Suite 500,,,Qu..bec,Québec,QC,QC,ca,CAN,G1K3G6,G1K 3G6,46.81197,-71.22859,1,,
317,D7888330-CNIC,bankingucantrust.coop,H79615,dbkE4MSNBZ61YIM,12/08/2009,NJ Credit Union League,299 Ward Street,299,Ward St,Hightstown,Hightstown,NJ,NJ,us,USA,8520,8520,40.26031,-74.51378,1,,
318,D7878544-CNIC,deved.coop,H79615,dbkEC46Y5ZJAJ4B,24/01/2002,Canadian Co operative Association (CCA),275 Bank Street,275,Bank St,Ottawa,Ottawa,Ontario,ON,ca,CAN,K2P 2L6,K2P 2L6,45.41578,-75.69614,1,,
319,D7878547-CNIC,co-operativedevelopment.coop,H79615,dbkEC46Y5ZJAJ4B,24/01/2002,Canadian Co operative Association (CCA),275 Bank Street,275,Bank St,Ottawa,Ottawa,Ontario,ON,ca,CAN,K2P 2L6,K2P 2L6,45.41578,-75.69614,1,,
320,D7878553-CNIC,cdfcanada.coop,H79615,dbkEC46Y5ZJAJ4B,28/01/2002,Canadian Co operative Association (CCA),275 Bank Street,275,Bank St,Ottawa,Ottawa,Ontario,ON,ca,CAN,K2P 2L6,K2P 2L6,45.41578,-75.69614,1,,
321,D7891591-CNIC,pcecsecurity.coop,H79615,dbkEFLLFX6DLQHT,06/09/2011,Platte-Clay Electric Cooperative,P.O. Box 100,,,Kearney,Kearney,MO,MO,us,USA,64060,64060,39.36876,-94.36232,0.65,,
322,D7884109-CNIC,wichitafood.coop,H79615,dbkEIBXID1VN54B,23/04/2005,wichitafood.coop,15076 NW 180th St.,15076,NW 140th St,Newton,Newton,KS,KS,us,USA,67114,67114,38.0292985,-97.1174993,0.97,,
323,D7881685-CNIC,central-electric-sc.coop,H79615,dbkElec020631473,19/09/2002,Central Electric Power Coop,,,,Columbia,Columbia,SC,SC,US,USA,29210,29210,34.04901,-81.10949,1,,
324,D7883005-CNIC,memberschoicefcu.coop,H79615,dbkEQ2F1U1BC6HD,04/02/2004,Members' Choice Federal Credit Union,1108 Dalllas Drive,1108,Dallas Dr,Denton,Denton,TX,TX,us,USA,76205,76205,33.1972884,-97.1220441,0.94,,
325,D7885627-CNIC,api.coop,H79615,dbkF6G86Z2CBTDO,27/02/2007,agri producers inc.,p o box 25,,,tampa,Tampa,kansas,KS,us,USA,67483,67483,38.54733,-97.15363,0.67,,
326,D7885969-CNIC,beavercreek.coop,H79615,dbkF97NUPC0IF9H,29/06/2007,Beaver Creek Housing Cooperative,Unit 31,,,Waterloo,Waterloo,ON,ON,ca,CAN,N2L 6C4,N2L 6C4,43.48418,-80.56364,1,,
327,D7886584-CNIC,bsc.coop,H79615,dbkFJEK1Z8QKDQW,15/02/2008,Berkeley Student Cooperative,2424 Ridge Road,2424,Ridge Rd,Berkeley,Berkeley,CA,CA,us,USA,94709,94709,37.87563,-122.26111,1,,
328,D7883038-CNIC,fivepointcu.coop,H79615,dbkFOGOTWAYGJGN,03/03/2004,FivePoint Credit Union,3700 Skyline Drive,,,Nederland,Nederland,TX,TX,us,USA,77627,77627,29.9734,-93.99595,0.58,,
329,D7892131-CNIC,cucoopgroup.coop,H79615,dbkFPA58GQTOT3X,30/11/2011,Timmy Bohlman,Suite 100,,,Plymouth,Plymouth,MI,MI,us,USA,48170-8054,48170,42.37245,-83.46748,1,,
330,D7883011-CNIC,bpl.coop,H79615,dbkFZMLPKAV2BHL,05/02/2004,IBEC Inc.,5340 Old Us Hwy 278 E,5340,Old US Highway 278 E,Hokes Bluff,Hokes Bluff,AL,AL,us,USA,35903,35903,33.9870631,-85.8724529,1,,
331,D7887532-CNIC,bountifuelenergies.coop,H79615,dbkG59HN783FW1X,13/11/2008,Bountifuel Energies,1208 San Pedro Dr. NE #233,1208,San Pedro Dr NE,Albuquerque,Albuquerque,NM,NM,us,USA,87110,87110,35.08973,-106.57712,1,,
332,D7884625-CNIC,agris.coop,H79615,dbkGAG8KWPAVS80,19/01/2006,AGRIS Co-operative Ltd.,1379 Erindale Cres.,1379,Erindale Cres,London,London,Ontario,ON,ca,CAN,N5X 1V8,N5X 1V8,43.0323,-81.239,1,,
333,D7889278-CNIC,amic.coop,H79615,dbkGCKJSDN7R1LS,20/02/2010,Associated Mutual Insurance Cooperative.,39 Broadway,39,Broadway,Woodridge,Woodridge,NY,NY,us,USA,12789,12789,41.70833,-74.57149,1,,
334,D7886317-CNIC,mycuservicessucks.coop,H79615,dbkGGWAMCPNTN88,14/11/2007,Mid Atlantic Corp FCU,1201 Fulling Mill Road,1201,Fulling Mill Rd,Middletown,Middletown,PA,PA,us,USA,17057,17057,40.22668,-76.76309,1,,
335,D7883131-CNIC,tech.coop,H79615,dbkGKXJ66MF7L6I,24/03/2004,The Tech Co-op,15462 27a Avenue,15462,27A Ave,Surrey,Surrey,BC,BC,ca,CAN,v4p 1e9,V4P 1E9,49.0518351,-122.7940219,1,,
336,D7884025-CNIC,siea.coop,H79615,dbkGZY8BVKGG9KB,31/03/2005,San Isabel Electric Assn,Po Box 892,,,Pueblo,Pueblo,CO,CO,us,USA,81002,81002,38.27183,-104.62039,0.63,,
337,D7880443-CNIC,lremc.coop,H79615,dbkH0992HPQPCWA,30/01/2002,Lumbee River EMC,PO Box 830,,,Red Springs,Red Springs,NC,NC,us,USA,28377,28377,34.81906,-79.19018,0.66,,
338,D7887430-CNIC,via.coop,H79615,dbkH70O48MZEQBG,01/10/2008,ViaCOOP,Ex Hda. Guadalupe Chimalistac,,,M..xico,Álvaro Obregón,DF,CDMX,mx,MEX,1050,1050,19.3489,-99.1833,0.83,,
339,D7892497-CNIC,tecmds.coop,H79615,dbkH9UW1JJ62CN3,22/02/2012,"Texas Electric Cooperatives, Inc.",1122 Colorado,1122,Colorado St,Austin,Austin,TX,TX,us,USA,78701,78701,30.27408,-97.74287,1,,
340,D7886209-CNIC,servicefirstcu.coop,H79615,dbkHAZTW7G3067A,11/10/2007,Anoka Hennepin Credit Union,3505 Northdale Blvd NW,3505,Northdale Blvd NW,Coon Rapids,Coon Rapids,MN,MN,us,USA,55448,55448,45.20791,-93.35571,1,,
341,D7886218-CNIC,ctc.coop,H79615,dbkHMCLI6YWVOLP,17/10/2007,"Cumby Telephone Cooperative, Inc.",PO Box 619,,,Cumby,Cumby,Texas,TX,us,USA,75433,75433,33.13478,-95.83931,0.66,,
342,D7877551-CNIC,nhec.coop,H79615,dbkHNVOKW4XCWX9,20/12/2001,"New Hampshire Electric Cooperative, Inc.",579 Tenney Mt. Highway,579,Tenney Mountain Hwy,Plymouth,Plymouth,NH,NH,us,USA,3264,3264,43.77012,-71.73192,0.98,,
343,D7877554-CNIC,nhelectric.coop,H79615,dbkHNVOKW4XCWX9,20/12/2001,"New Hampshire Electric Cooperative, Inc.",579 Tenney Mt. Highway,579,Tenney Mountain Hwy,Plymouth,Plymouth,NH,NH,us,USA,3264,3264,43.77012,-71.73192,0.98,,
344,D7877557-CNIC,newhampshireelectric.coop,H79615,dbkHNVOKW4XCWX9,20/12/2001,"New Hampshire Electric Cooperative, Inc.",579 Tenney Mt. Highway,579,Tenney Mountain Hwy,Plymouth,Plymouth,NH,NH,us,USA,3264,3264,43.77012,-71.73192,0.98,,
345,D7886104-CNIC,smallsteps.coop,H79615,dbkHNVOKW4XCWX9,29/08/2007,"New Hampshire Electric Cooperative, Inc.",579 Tenney Mt. Highway,579,Tenney Mountain Hwy,Plymouth,Plymouth,NH,NH,us,USA,3264,3264,43.77012,-71.73192,0.98,,
346,D7879102-CNIC,collegehouses.coop,H79615,dbkHNVP7RNZNKIC,11/07/2001,"College Houses, Inc.",1906 Pearl Street,1906,Pearl St,Austin,Austin,TX,TX,us,USA,78705-5426,78705,30.28382,-97.74698,1,,
347,D7881430-CNIC,citymarket.coop,H79615,dbkhock025004110,01/07/2002,Onion River Cooperative,82 S. Winooski Avenue,82,S Winooski Ave,Burlington,Burlington,VT,VT,US,USA,5401,5401,44.47816,-73.21078,1,,
348,D7889002-CNIC,trivalleyelec.coop,H79615,dbkHV85SETHUMKZ,23/12/2009,Golden Valley Electric Association,758 Illinois Street,758,Illinois St,Fairbanks,Fairbanks,AK,AK,us,USA,99701,99701,64.85352,-147.71995,1,,
349,D7880401-CNIC,legend.coop,H79615,dbkHZ1V2IQAM42I,30/01/2002,American Legend Cooperative,PO BOX 58308,,,Seattle,Seattle,Washington,WA,us,USA,98138-1308,98188,47.44519,-122.28984,0.71,,
350,D7888342-CNIC,mycommunity.coop,H79615,dbkI2NIEZUNHUOH,12/08/2009,Tele-Media Solutions,PO Box 9,,,Pekin,Pekin,Indiana,IN,us,USA,47165,47165,38.50667,-86.01481,0.72,,
351,D7886326-CNIC,midatlanticcorporatesucks.coop,H79615,dbkI2PYAOJHDL95,14/11/2007,Mid Atlantic Corp FCU,1201 Fulling Mill Road,1201,Fulling Mill Rd,Middletown,Middletown,PA,PA,us,USA,17057,17057,40.22668,-76.76309,1,,
352,D7892092-CNIC,fellowshipcreditunion.coop,H79615,dbkI8606L7VSKLJ,20/11/2011,Timmy Bohlman,Suite 100,,,Plymouth,Plymouth,MI,MI,us,USA,48170-8054,48170,42.37245,-83.46748,1,,
353,D7878193-CNIC,pcctel.coop,H79615,dbkI9WXEXVPFREG,13/09/2001,Partner Communications,101 E. Church,101,E Church St,Gilman,Gilman,IA,IA,us,USA,gfgfs,50106,41.87963,-92.78687,0.79,,
354,D7884745-CNIC,mmcu.coop,H79615,dbkIGQNDJSK5EQT,02/03/2006,Metro Medical Credit Union,8828 Stemmons #113,8828,N Stemmons Fwy,Dallas,Dallas,TX,TX,us,USA,75247,75247,32.83389,-96.87366,1,,
355,D7884310-CNIC,cooperativedevelopmentinstitute.coop,H79615,dbkILNAQGPG9SM1,04/08/2005,Cooperative Development Institute,PO Box 622,,,Greenfield,Greenfield,MA,MA,us,USA,1302,1302,42.58758,-72.59796,0.63,,
356,D7889848-CNIC,cescu.coop,H79615,dbkIN86X4J5GH59,13/07/2010,"CES Credit Union, Inc.",P.O. Box 631,631,Mt Vernon Rd,Mount Vernon,Newark,Ohio,OH,us,USA,43050,43055,40.0747484,-82.4142986,0.77,,
357,D7889851-CNIC,cescreditunion.coop,H79615,dbkIN86X4J5GH59,13/07/2010,"CES Credit Union, Inc.",P.O. Box 631,631,Mt Vernon Rd,Mount Vernon,Newark,Ohio,OH,us,USA,43050,43055,40.0747484,-82.4142986,0.77,,
358,D7884118-CNIC,sumac.coop,H79615,dbkIZ4JACUVKBIO,25/04/2005,SUMAC,265 Grange Road E.,265,Grange Rd,Guelph,Guelph,ON,ON,ca,CAN,N1E 6R5,N1E 6R5,43.5583242,-80.2294833,0.82,,
359,D7881739-CNIC,ccfcu.coop,H79615,dbkjfor111234449,04/10/2002,Cottonwood Community Federal Credit Union,P O Box 531,499,Cottonwood Creek Rd,Cottonwood,Stites,Idaho,ID,US,USA,83522,83552,46.0938796,-116.0213932,0.76,,
360,D7880203-CNIC,transtexas.coop,H79615,dbkJKOFAD7BIOCS,22/02/2002,Toni Sudduth,3401 Loop 306,3401,Loop 306,San Angelo,San Angelo,TX,TX,us,USA,76904,76904,31.42245,-100.49364,1,,
361,D7887544-CNIC,placementarendementsocial.coop,H1167922-EUR,dbkJLMO7803IHWY,17/11/2008,Cecosol,Suite 500,,,Qu..bec,Québec,QC,QC,ca,CAN,G1K3G6,G1K 3G6,46.81197,-71.22859,1,,
362,D7884040-CNIC,madriverglen.coop,H79615,dbkJN5H8X52XALF,01/04/2005,Mad River Glen Coop,PO Box 1089,,,Waitsfield,Waitsfield,VT,VT,us,USA,5673,5673,44.18453,-72.83872,0.64,,
363,D7885609-CNIC,queenanne.coop,H79615,dbkJO5D7B3QRQ3G,21/02/2007,"ARC Online,llc",20 Bay Street Landing,20,Bay St Lndg,Staten Island,Staten Island,NY,NY,us,USA,10301,10301,40.6393472,-74.0730903,1,,
364,D7879315-CNIC,harvest.coop,H79615,dbkJVHZ1N9I93R4,19/09/2001,Harvest Cooperative Supermarkets,581 Massachusetts Avenue,581,Massachusetts Ave,Cambridge,Cambridge,MA,MA,us,USA,2139,2139,42.36502,-71.10274,1,,
365,D7888285-CNIC,rnf.coop,H79615,dbkJZS6W3QIDD03,21/07/2009,"Rappahannock Natural Foods Cooperative, Inc",291 Indigo Lane,291,Indigo Ln,Sperryville,Sperryville,VA,VA,us,USA,22740,22740,38.673009,-78.1927702,1,,
366,D7883197-CNIC,hcu.coop,H79615,dbkKBXEDAP8IIBT,09/04/2004,Hutchinson Credit Union,900 E. 23rd Ave.,900,E 23rd Ave,Hutchinson,Hutchinson,KS,KS,us,USA,67502,67502,38.07956,-97.91232,1,,
367,D7886515-CNIC,myelectric.coop,H79615,dbkKE0UJ9PZW6ZS,02/02/2008,"Sangre De Cristo Electric Association, Inc.",P. O. Box 2013,,,Buena Vista,Buena Vista,CO,CO,us,USA,81211,81211,38.85052,-106.16304,0.63,,
368,D7885372-CNIC,periodicoaccion.coop,H79615,dbkKG6T5L6NUA7O,20/11/2006,IMFC,Av. Corrientes 1543,,,CABA,Corrientes,CABA,Corrientes,ar,ARG,1019,3400,-27.47178,-58.84017,0.38,,
369,D7878982-CNIC,greenstar.coop,H79615,dbkKGR320HYF43K,18/07/2001,GreenStar Cooperative Market,701 W. Buffalo Street,701,W Buffalo St,Ithaca,Ithaca,NY,NY,us,USA,14850-3319,14850,42.44081,-76.51094,1,,
370,D7886224-CNIC,swepa.coop,H79615,dbkKII940M8ELV2,23/10/2007,Southwest MS EPA,18671 HWY 61,18671,Highway 61,Lorman,Lorman,MS,MS,us,USA,39096,39096,31.8219675,-91.0497371,1,,
371,D7878415-CNIC,kansaselectricpower.coop,H79615,dbkKW3XI3UXNVR3,06/09/2001,Kansas Electric Power Co-op,600 Corporate View,600,SW Corporate Vw,Topeka,Topeka,KS,KS,us,USA,66615,66615,39.05729,-95.76531,1,,
372,D7881931-CNIC,dairy.coop,H79615,dbkKWWL66P8F883,03/12/2002,"Land O Lakes, Inc",MS 4075,,,St Paul,St Paul,MN,MN,us,USA,55164-0101,55164,44.94339,-93.09648,0.76,,
373,D7886782-CNIC,cuthru.coop,H79615,dbkL1H5MFGN5HMT,19/03/2008,Mid Atlantic Corp FCU,1201 Fulling Mill Road,1201,Fulling Mill Rd,Middletown,Middletown,PA,PA,us,USA,17057,17057,40.22668,-76.76309,1,,
374,D7888597-CNIC,pennlines.coop,H79615,dbkL5TBAUFYIOAR,14/10/2009,Continental Cooperative Services,PO Box 1266,,,Harrisburg,Harrisburg,PA,PA,us,USA,17108,17108,40.26141,-76.88253,0.66,,
375,D7885252-CNIC,you.coop,H79615,dbkLAQW7PNI00VD,05/10/2006,Montana Credit Union Network,1236 Helena Avenue,1236,Helena Ave,Helena,Helena,MT,MT,us,USA,59601,59601,46.59897,-112.01885,1,,
376,D7883050-CNIC,austincooperatives.coop,H1167922-EUR,dbkLBWK9OODDHB9,07/03/2004,AUSTINCOOPERATIVES,PO BOX 230665,,,Boston,Boston,MA,MA,us,USA,2123,2123,42.34504,-71.08664,0.56,,
377,D7878970-CNIC,nemeon.coop,H79615,dbkLC3IJI934AA8,24/07/2001,NEMEON,6043 Hudson Rd. Suite 350,6043,Hudson Rd,Woodbury,Woodbury,MN,MN,us,USA,55125,55125,44.94762,-92.98269,1,,
378,D7884325-CNIC,nemont.coop,H79615,dbkLIBSX3F28VCE,09/08/2005,Nemont,PO Box 600,,,Scobey,Scobey,MT,MT,us,USA,59263,59263,48.78734,-105.41894,0.63,,
379,D7878358-CNIC,coservelectric.coop,H79615,dbkLSVI2S0W1W0O,16/11/2001,CoServ Electric,7701 South Stemmons,7701,Stemmons Fwy,Corinth,Corinth,TX,TX,us,USA,76210,76210,33.14084,-97.04456,0.94,,
380,D7880965-CNIC,flcentralcu.coop,H79615,dbkLWBAOLR34P3P,27/02/2002,Florida Central Credit Union,3333 Henderson Blvd.,3333,Henderson Blvd,Tampa,Tampa,FL,FL,us,USA,33609,33609,27.94065,-82.49932,1,,
381,D7887043-CNIC,rockenergy.coop,H79615,dbkLZ2VMXMIHQ67,29/05/2008,Rock Energy Cooperative,2815 Kennedy Rd,2815,Kennedy Rd,Janesville,Janesville,WI,WI,us,USA,53545,53545,42.71616,-89.00675,1,,
382,D7885792-CNIC,kooperativaforbundet.coop,H79615,dbkM702HAKUMS96,01/05/2007,Kooperativa Forbundet (KF),Box 15200,30,Stockholmsvägen,Stockholm,Södertälje,Stockholm,Stockholms län,se,SWE,104 65,152 40,59.2016819,17.6415464,0.75,,
383,D7886818-CNIC,mcfcu.coop,H79615,dbkMEAXHSROERYQ,27/03/2008,Members' Choice Federal Credit Union,Suite 315,,,Denton,Denton,Texas,TX,us,USA,76205,76205,33.19375,-97.12695,1,,
384,D7885756-CNIC,coca-colacreditunion.coop,H135150,dbkMI96VMDO0EJE,16/04/2007,The Coca-Cola Company,One Coca-Cola Plaza,1,Coca Cola Plz NW,Atlanta,Atlanta,GA,GA,us,USA,30313,30313,33.77118,-84.3962,1,,
385,D7881814-CNIC,texas.coop,H79615,dbkMSB2XI2LNX96,28/10/2002,Texas Agricultural Cooperative Council,6210 Hwy 290 E,6210,E Highway 290,Austin,Austin,TX,TX,us,USA,78723,78723,30.32294,-97.70192,1,,
386,D7880959-CNIC,floridacentral.coop,H79615,dbkMSF0GJDC1R3X,27/02/2002,Florida Central Credit Union,3333 Henderson Blvd.,3333,Henderson Blvd,Tampa,Tampa,FL,FL,us,USA,33609,33609,27.94065,-82.49932,1,,
387,D7884196-CNIC,ptfcu.coop,H79615,dbkN2UWN94JG1BW,03/06/2005,People's Trust FCU,P.O. Box 4511,,,Houston,Houston,TX,TX,us,USA,77210,77210,29.76526,-95.36567,0.63,,
388,D7881934-CNIC,milk.coop,H79615,dbkNFABXY2X9U6F,03/12/2002,"Land O Lakes, Inc",MS 4075,,,St Paul,St Paul,MN,MN,us,USA,55164-0101,55164,44.94339,-93.09648,0.76,,
389,D7884319-CNIC,cvc.coop,H79615,dbkNJVY23AC0WFX,08/08/2005,Colorado Valley Telepyhone Cooperative,4915 S US Hwy 77,4915,S US Highway 77,La Grange,La Grange,TX,TX,us,USA,78945,78945,29.85656,-96.90416,1,,
390,D7877926-CNIC,ssvec.coop,H79615,dbkNNV9XSI7OJLS,04/10/2001,"Sulpher Springs Valley Electric Cooperative, Inc.",PO Box 820,,,Willcox,Willcox,AZ,AZ,us,USA,85644,85644,32.25336,-109.83194,0.65,,
391,D7879108-CNIC,communityfood.coop,H79615,dbkNXNA4JD20CJ6,16/07/2001,Community Food Co-op,1220 N. Forest,1220,N Forest St,Bellingham,Bellingham,WA,WA,us,USA,98225,98225,48.74719,-122.47627,1,,
392,D7888339-CNIC,mymail.coop,H79615,dbkO3D7LLAXPQVS,12/08/2009,Tele-Media Solutions,PO Box 9,,,Pekin,Pekin,Indiana,IN,us,USA,47165,47165,38.50667,-86.01481,0.72,,
393,D7880404-CNIC,legendmink.coop,H79615,dbkO9SP30YBWYEL,30/01/2002,American Legend Cooperative,PO BOX 58308,,,Seattle,Seattle,Washington,WA,us,USA,98138-1308,98188,47.44519,-122.28984,0.71,,
394,D7885711-CNIC,otheravenues.coop,H79615,dbkO9YSZ0A46EKF,29/03/2007,Other Avenues Natural Food Store,3930 Judah Street,3930,Judah St,San Francisco,San Francisco,CA,CA,us,USA,94122,94122,37.76074,-122.50433,1,,
395,D7880035-CNIC,oldhickorycu.coop,H79615,dbkOCIE2Y11GF03,01/01/2002,Old Hickory CU,PO Box 431,,,Old Hickory,Old Hickory,TN,TN,us,USA,37138,37138,36.23645,-86.62523,0.69,,
396,D7891810-CNIC,newyorkworker.coop,H79615,dbkOCNX8ZRNSB6N,11/10/2011,Association of Arizmendi Cooperatives,1904 Franklin St # 204,1904,Franklin St,Oakland,Oakland,CA,CA,us,USA,94612,94612,37.80732,-122.26734,1,,
397,D7890277-CNIC,hamiltoncounty.coop,H79615,dbkOEFK0SJ7J6FP,18/10/2010,Hamilton County Co-op,16222 Allisonville Rd,16222,Allisonville Rd,Noblesville,Noblesville,IN,IN,us,USA,46061,46060,40.02804,-86.01279,0.98,,
398,D7882900-CNIC,justfood.coop,H79615,dbkOJJZJL6ZGL06,07/01/2004,Just Food: Northfield Community Co-Op,516 WATER ST S,516,Water St S,Northfield,Northfield,MN,MN,us,USA,55057,55057,44.45439,-93.16221,1,,
399,D7880215-CNIC,greenmountaincu.coop,H79615,dbkOMOL8BIQ0EL4,05/11/2001,Green Mountain CU,4 Laurel Hill Dr,4,Laurel Hill Dr,South Burlington,South Burlington,VT,VT,us,USA,5403,5403,44.44175,-73.2089,1,,
400,D7880410-CNIC,blackglama.coop,H79615,dbkOP94TRR8JPWY,30/01/2002,American Legend Cooperative,PO BOX 58308,,,Seattle,Seattle,Washington,WA,us,USA,98138-1308,98188,47.44519,-122.28984,0.71,,
401,D7885606-CNIC,bluehill.coop,H79615,dbkOSYOWNRE4LPX,21/02/2007,"Blue Hill Co-op, Inc.",4 Ellsworth Road,4,Ellsworth Rd,Blue Hill,Blue Hill,ME,ME,us,USA,4614,4614,44.4154,-68.58266,1,,
402,D7885429-CNIC,pipp.coop,H79615,dbkPAFH9Y4T9PYT,07/12/2006,Pennsylvania Independent Poultry Producers Co-op,315 Faculty Rd,315,Faculty Rd,Duncannon,Duncannon,PA,PA,us,USA,17020,17020,40.39056,-77.07069,1,,
403,D7877779-CNIC,pcec.coop,H79615,dbkpcec113811512,06/09/2001,PCEC,PO Box 100,,,Kearney,Kearney,MO,MO,US,USA,64060,64060,39.36876,-94.36232,0.65,,
404,D7884070-CNIC,pcecdirector.coop,H79615,dbkpcec113811512,11/04/2005,PCEC,PO Box 100,,,Kearney,Kearney,MO,MO,US,USA,64060,64060,39.36876,-94.36232,0.65,,
405,D7884073-CNIC,pcecsucks.coop,H79615,dbkpcec113811512,11/04/2005,PCEC,PO Box 100,,,Kearney,Kearney,MO,MO,US,USA,64060,64060,39.36876,-94.36232,0.65,,
406,D7888972-CNIC,placements.coop,H1167922-EUR,dbkPHYOTD83PUK0,16/12/2009,Cecosol,Suite 500,,,Qu..bec,Québec,QC,QC,ca,CAN,G1K3G6,G1K 3G6,46.81197,-71.22859,1,,
407,D7880188-CNIC,turfsupply.coop,H79615,dbkPKDW9I1LOK58,11/10/2001,"Primera Turf, Inc.",8748 Timber Edge Drive,8748,Timber Edge Dr,North Ridgeville,North Ridgeville,OH,OH,us,USA,44039,44039,41.36692,-81.97839,1,,
408,D7892398-CNIC,startup.coop,H79615,dbkPLNKQ6FCD7LJ,02/02/2012,Cicero Institute,4 Independence Way,4,Independence Way,Princeton,Princeton,NJ,NJ,us,USA,8540,8540,40.35966,-74.59525,1,,
409,D7891564-CNIC,vuka.coop,H79615,dbkPMR9H5K3A0KW,28/08/2011,vuka llc,411 west monroe,411,W Monroe St,austin,Austin,TX,TX,us,USA,78704,78704,30.2487699,-97.753836,1,,
410,D7885081-CNIC,cosvimed.coop,H79615,dbkPO74N26LYKQZ,11/07/2006,Cooperativa de Seguros de Vida de Puerto Rico,400 Americo Miranda Ave,400,Avenida Americo Miranda,San Juan,San Juan,PR,PR,pr,PRI,927,927,18.400395,-66.0682548,1,,
411,D7879411-CNIC,MCDC.coop,H79615,dbkPP4U3RGLBA4T,27/08/2001,Montana Cooperative Development Center,P.O. Box 3027,,,Great Falls,Great Falls,MT,MT,us,USA,59403,59401,47.50732,-111.30607,0.62,,
412,D7881418-CNIC,arkvalley.coop,H79615,dbkPT5I3SNKFCLU,27/06/2002,Ark Valley Electric Co-op Assn.,P O Box 1246,,,Hutchinson,Hutchinson,KS,KS,us,USA,67504,67504,38.05725,-97.93268,0.64,,
413,D7883722-CNIC,usucreditunion.coop,H79615,dbkQ0ELHDDR1M4M,10/12/2004,USU Charter Federal Credit Union,USU Charter Credit Union,,,Logan,Emden,Ut,IL,us,USA,84321,62635,40.28739,-89.36656,0.36,,
414,D7878073-CNIC,blomand.coop,H79615,dbkQL4WNJU056V0,09/10/2001,Ben Lomand Telephone,311 N Chancery St,311,N Chancery St,McMinnville,McMinnville,TN,TN,us,USA,37111,37110,35.6864,-85.77495,0.97,,
415,D7879621-CNIC,rainbow.coop,H79615,dbkQU07N881BQ29,22/08/2001,"Rainbow Grocery Cooperative, Inc.",1745 Folsom Street,1745,Folsom St,San Francisco,San Francisco,CA,CA,us,USA,94103,94103,37.76911,-122.41506,1,,