Identifier,Name,Description,Legal Forms,Street Address,Locality,Region,Postcode,Country Name,Website,Companies House Number,IgnoredLat,IgnoredLong,Geo Container,Latitude,Longitide
2020,20/20 Housing Co-operative,,Cooperative,,,,B13 8AB,,,,,,http://data.ordnancesurvey.co.uk/id/postcodeunit/B138AB,52.451880,-1.889728
2rivers,M&S Community Energy Society,,Cooperative,,,,LA14 2PN,,https://www.mandsenergysociety.com/,,,,http://data.ordnancesurvey.co.uk/id/postcodeunit/LA142PN,54.118489,-3.241650
3mules,3 Mules Coop LLP,,Cooperative,,,,M155RF,,,,,,http://data.ordnancesurvey.co.uk/id/postcodeunit/M155RF,53.465469,-2.248348
3rdway,3rd Way Commonwealth Ltd,,Cooperative,,,,PR7 4LA,,,,,,http://data.ordnancesurvey.co.uk/id/postcodeunit/PR74LA,53.611648,-2.605618
8thday,On The Eighth Day Co-Operative Limited,,Cooperative,,,,M1 7DU,,http://8thday.coop/,,,,http://data.ordnancesurvey.co.uk/id/postcodeunit/M17DU,53.470929,-2.237564
a2zprobateresearch,A2Z Probate Research Ltd,,Cooperative,,,,SO15 5EG,,http://a2zprobateresearch.coop/,,,,http://data.ordnancesurvey.co.uk/id/postcodeunit/SO155EG,50.915856,-1.421058
abundantearth,Abundant Earth,,Cooperative,,,,DH7 8EN,,http://www.abundantearth.coop/,,,,http://data.ordnancesurvey.co.uk/id/postcodeunit/DH78EN,54.736946,-1.659688
accountancy,Accountancy.Coop Ltd,,Cooperative,,,,BH16 6JE,,http://accountancy.coop/,,,,http://data.ordnancesurvey.co.uk/id/postcodeunit/BH166JE,50.736527,-2.056602
acu,Afrikan Cooperative Union limited,,Cooperative,,,,EN3 7XU,,,,,,http://data.ordnancesurvey.co.uk/id/postcodeunit/EN37XU,51.674545,-0.022170
agile,Agile Collective Ltd,,Cooperative,,,,OX4 1BA,,https://agile.coop/,,,,http://data.ordnancesurvey.co.uk/id/postcodeunit/OX41BA,51.751653,-1.239197
alpha,Alpha Communication,,Cooperative,,,,NE1 4XF,,http://alpha.coop/,,,,http://data.ordnancesurvey.co.uk/id/postcodeunit/NE14XF,54.971186,-1.620081
altgen,Altgen,,Cooperative,,,,SE1 4YR,,http://altgen.coop/,,,,http://data.ordnancesurvey.co.uk/id/postcodeunit/SE14YR,51.499869,-0.092964
alunburgeassociates,Alun Burge & Associates,,Cooperative,,,,SA3 5TR,,http://alunburgeassociates.coop/,,,,http://data.ordnancesurvey.co.uk/id/postcodeunit/SA35TR,51.581584,-4.002548
animorph,animorph,,Cooperative,,,,SE14 6NB,,https://animorph.coop/,,,,http://data.ordnancesurvey.co.uk/id/postcodeunit/SE146NB,51.482497,-0.042344
architects,Leeds Environmental Design Associates Ltd,,Cooperative,,,,LS9 0DG,,https://www.ledaarchitects.coop/,,,,http://data.ordnancesurvey.co.uk/id/postcodeunit/LS90DG,53.788288,-1.519569
argyllsmallwoods,Argyll Small Woods Cooperative,Test that description,Cooperative,,,,PA29 6XG,,,,,,http://data.ordnancesurvey.co.uk/id/postcodeunit/PA296XG,55.675714,-5.646691
artzone,ArtZone Co-op Ltd,,Cooperative,,,,E1 1LX,,http://www.artzone.coop/,,,,http://data.ordnancesurvey.co.uk/id/postcodeunit/E11LX,51.513155,-0.066885
ash,Argyle Street Housing Co operative,,Cooperative,,,,CB1 3LU,,http://www.ash.coop/,,,,http://data.ordnancesurvey.co.uk/id/postcodeunit/CB13LU,52.197764,0.141263
assamhealthcare,Assam Healthcare Cooperative Ltd.,,Cooperative,,,,NE299JA,,http://assamhealthcare.coop/,,,,http://data.ordnancesurvey.co.uk/id/postcodeunit/NE299JA,55.025756,-1.457901
atomised,Atomised Co-operative Ltd,,Cooperative,,,,KY114SZ,,http://atomised.coop/,,,,http://data.ordnancesurvey.co.uk/id/postcodeunit/KY114SZ,56.066728,-3.450691
awel,Awel,,Cooperative,,,,SA9 2GN,,http://awel.coop/,,,,http://data.ordnancesurvey.co.uk/id/postcodeunit/SA92GN,51.800904,-3.820471
b4rn,Broadband for the Rural North Ltd,,Cooperative,,,,LA1 3JQ,,,,,,http://data.ordnancesurvey.co.uk/id/postcodeunit/LA13JQ,54.041681,-2.781757
baywind,Baywind Energy Co-operative,,Cooperative,,,,LA14 2PN,,http://www.baywind.coop/,,,,http://data.ordnancesurvey.co.uk/id/postcodeunit/LA142PN,54.118489,-3.241650
bch,Indigo IT,,Cooperative,,,,GU185RP,,http://www.bch.coop/,,,,http://data.ordnancesurvey.co.uk/id/postcodeunit/GU185RP,51.352722,-0.667252
bchs,bchs,,Cooperative,,,,B11 2AA,,,,,,http://data.ordnancesurvey.co.uk/id/postcodeunit/B112AA,52.456255,-1.839196
bcp,BCP,,Cooperative,,,,PA20 0AP,,,,,,http://data.ordnancesurvey.co.uk/id/postcodeunit/PA200AP,55.837852,-5.056590
bdx,CBN,,Cooperative,,,,M15 4EN,,http://bdx.coop/,,,,http://data.ordnancesurvey.co.uk/id/postcodeunit/M154EN,53.469864,-2.261134
bedsmusic,Bedford Music Coop,,Cooperative,,,,MK43 9BD,,https://www.bedsmusic.coop/,,,,http://data.ordnancesurvey.co.uk/id/postcodeunit/MK439BD,52.107402,-0.543343
beechhill,Beech Hill Community Co-operative Ltd,,Cooperative,,,,EX17 6RF,,http://www.beechhill.coop/,,,,http://data.ordnancesurvey.co.uk/id/postcodeunit/EX176RF,50.864025,-3.733619
bes,Basingstoke Energy Services Co-operative,,Cooperative,,,,RG21 7RA,,http://bes.coop/,,,,http://data.ordnancesurvey.co.uk/id/postcodeunit/RG217RA,51.265565,-1.103229
beyondbroadband,INCA,,Cooperative,,,,LE16 7WB,,http://www.beyondbroadband.coop/,,,,http://data.ordnancesurvey.co.uk/id/postcodeunit/LE167WB,52.495294,-0.939232
biomassenergy,Biomass Energy Co-operative Limited,,Cooperative,,,,M45 7RW,,http://biomassenergy.coop/,,,,http://data.ordnancesurvey.co.uk/id/postcodeunit/M457RW,53.554761,-2.305929
bkw,Brent Knoll Watergate Co-operative Trust,,Cooperative,,,,SE6 3WG,,,,,,http://data.ordnancesurvey.co.uk/id/postcodeunit/SE63WG,51.425259,-0.022035
blackcat,Black Cat (Aberdeen) CIC,,Cooperative,,,,AB11 5AA,,https://blackcat.coop/,,,,http://data.ordnancesurvey.co.uk/id/postcodeunit/AB115AA,57.145897,-2.095221
boundarybrewing,Boundary Brewing,,Cooperative,,,,bt100fs,,https://boundarybrewing.coop/,,,,,,
boveyfutures,Bovey Futures,,Cooperative,,,,TQ13 9QU,,,,,,http://data.ordnancesurvey.co.uk/id/postcodeunit/TQ139QU,50.592841,-3.669282
boyndie,Boyndie Wind Farm Co-operative Ltd,,Cooperative,,,,LA14 2PN,,http://boyndie.coop/,,,,http://data.ordnancesurvey.co.uk/id/postcodeunit/LA142PN,54.118489,-3.241650
brighton-compost,Brighton Community Compost Centre Ltd.,,Cooperative,,,,BN1 9SE,,http://brighton-compost.coop/,,,,http://data.ordnancesurvey.co.uk/id/postcodeunit/BN19SE,50.869508,-0.104295
bristolenergy,Bristol Energy Co-operative,,Cooperative,,,,BS1 3RD,,http://www.bristolenergy.coop/,,,,http://data.ordnancesurvey.co.uk/id/postcodeunit/BS13RD,51.463188,-2.590087
brixtonhousing,Brixton Housing Co-operative Ltd,,Cooperative,,,,SE24 0LD,,http://www.brixtonhousing.coop/,,,,http://data.ordnancesurvey.co.uk/id/postcodeunit/SE240LD,51.457744,-0.108323
broadband,Community Broadband Network,,Cooperative,,,,M15 4EN,,https://broadband.coop/,,,,http://data.ordnancesurvey.co.uk/id/postcodeunit/M154EN,53.469864,-2.261134
brockley,Brockley Tenants Cooperative Limited,,Cooperative,,,,SE4 1XF,,http://www.brockley-tenants-co-op.co.uk/,,,,http://data.ordnancesurvey.co.uk/id/postcodeunit/SE41XF,51.468947,-0.026381
brownhill,Brownhill Primary Academy,,Cooperative,,,,LS9 7DH,,http://www.brownhill.coop/,,,,http://data.ordnancesurvey.co.uk/id/postcodeunit/LS97DH,53.803061,-1.509774
bshp,Balfour Street Housing Project,,Cooperative,,,,SE17 1PL,,http://www.bshp.coop/,,,,http://data.ordnancesurvey.co.uk/id/postcodeunit/SE171PL,51.493225,-0.091398
bwce,Bath & West Community Energy,,Cooperative,,,,BA2 3AF,,http://www.bwce.coop/,,,,http://data.ordnancesurvey.co.uk/id/postcodeunit/BA23AF,51.372157,-2.370853
cafekino,Cafe Mono t/a Cafe Kino,,Cooperative,,,,BS1 3RU,,,,,,http://data.ordnancesurvey.co.uk/id/postcodeunit/BS13RU,51.464126,-2.589480
calverts,Calverts North Star Press Ltd,,Cooperative,,,,E2 9DT,,http://www.calverts.coop/,,,,http://data.ordnancesurvey.co.uk/id/postcodeunit/E29DT,51.532754,-0.059466
can,Co-operative Assistance Network Ltd,,Cooperative,,,,CM2 0RT,,http://www.can.coop/,,,,http://data.ordnancesurvey.co.uk/id/postcodeunit/CM20RT,51.730092,0.463523
carbon,Society for the Reduction of Carbon Limited,,Cooperative,,,,M21 8UP,,http://carbon.coop/,,,,http://data.ordnancesurvey.co.uk/id/postcodeunit/M218UP,53.441827,-2.273878
cartrefi,Cartrefi Cymru coop,,Cooperative,,,,CF10 5NB,,http://www.cartrefi.org/,,,,http://data.ordnancesurvey.co.uk/id/postcodeunit/CF105NB,51.472258,-3.177362
case,Co-operative and Social Enterprise Development Agency,,Cooperative,,,,LE1 6RX,,http://case.coop/,,,,http://data.ordnancesurvey.co.uk/id/postcodeunit/LE16RX,52.629262,-1.130844
cave,The Cave Co-operative,,Cooperative,,,,KT2 7LU,,http://www.cave.coop/,,,,http://data.ordnancesurvey.co.uk/id/postcodeunit/KT27LU,51.423360,-0.276450
cbc/1,Co operative Business Consultants,,Cooperative,,,,BD9 4DZ,,https://www.cbc.coop/,,,,http://data.ordnancesurvey.co.uk/id/postcodeunit/BD94DZ,53.819557,-1.777421
cbc/2,Co operative Business Consultants,,Cooperative,,,,L8 3TX,,https://www.cbc.coop/,,,,http://data.ordnancesurvey.co.uk/id/postcodeunit/L83TX,53.388716,-2.955723
cch,Confederation of Co operative Housing Limited,,Cooperative,,,,B11 2AA,,http://cch.coop/,,,,http://data.ordnancesurvey.co.uk/id/postcodeunit/B112AA,52.456255,-1.839196
cda,CDA (BRAVE Ltd),,Cooperative,,,,BS2 8QN,,http://cda.coop/,,,,http://data.ordnancesurvey.co.uk/id/postcodeunit/BS28QN,51.460895,-2.588431
cds,CDS Co operatives,,Cooperative,,,,SE1 4YR,,https://www.cds.coop/,,,,http://data.ordnancesurvey.co.uk/id/postcodeunit/SE14YR,51.499869,-0.092964
cdscotland,Co-operative Development Scotland,,Cooperative,,,,EH3 7JF,,,,,,http://data.ordnancesurvey.co.uk/id/postcodeunit/EH37JF,55.950288,-3.213209
cecil,Central England Co-operative Limited,,Cooperative,,,,WS13 6RH,,https://www.cecil.coop/v4/Account/Login?returnUrl=Welcome.asp,,,,http://data.ordnancesurvey.co.uk/id/postcodeunit/WS136RH,52.691546,-1.809129
cee,Co-operative Education East,,Cooperative,,,,NR1 3RU,,http://cee.coop/,,,,http://data.ordnancesurvey.co.uk/id/postcodeunit/NR13RU,52.626974,1.293860
centrifuge,Centrifuge Consulting Ltd,,Cooperative,,,,NE4 5TF,,http://centrifuge.coop/,,,,http://data.ordnancesurvey.co.uk/id/postcodeunit/NE45TF,54.972382,-1.623428
ceramics,Ceramics Studio Coop,,Cooperative,,,,SE14 5RW,,,,,,http://data.ordnancesurvey.co.uk/id/postcodeunit/SE145RW,51.483082,-0.045632
cetis,Cetis LLP,,Cooperative,,,,LA2 6ND,,,,,,http://data.ordnancesurvey.co.uk/id/postcodeunit/LA26ND,54.075893,-2.755807
cets,Co operative Education Trust Scotland,,Cooperative,,,,ML1 5GH,,http://cets.coop/,,,,http://data.ordnancesurvey.co.uk/id/postcodeunit/ML15GH,55.832865,-3.932082
cew,Community Energy Warwickshire Limited,,Cooperative,,,,CV37 7LR,,http://www.cew.coop/,,,,http://data.ordnancesurvey.co.uk/id/postcodeunit/CV377LR,52.184811,-1.699864
change,Work For Change Ltd.,,Cooperative,,,,M21 8UP,,https://change.coop/,,,,http://data.ordnancesurvey.co.uk/id/postcodeunit/M218UP,53.441827,-2.273878
changeagents,Change AGEnts Network UK Ltd,,Cooperative,,,,E1 5NF,,https://changeagents.coop/,,,,http://data.ordnancesurvey.co.uk/id/postcodeunit/E15NF,51.517779,-0.066978
channelislands,Channel Islands Co-operative Society,,Cooperative,,,,JE2 4TR,,https://www.channelislands.coop/,,,,,,
chapelstreetstudio,Chapel Street Studio,,Cooperative,,,,BD1 5DT,,http://chapelstreetstudio.coop/,,,,http://data.ordnancesurvey.co.uk/id/postcodeunit/BD15DT,53.794426,-1.745371
chelmsfordstar,Chelmsford Star Co operative Society Limited,,Cooperative,,,,CM2 OLS,,https://www.chelmsfordstar.coop/,,,,,,
chip,CHIP,,Cooperative,,,,SR2 8AH,,,,,,http://data.ordnancesurvey.co.uk/id/postcodeunit/SR28AH,54.901455,-1.373241
chocolate,Divine Chocolate Ltd.,,Cooperative,,,,SE1 2NE,,http://www.divinechocolate.com/uk/,,,,http://data.ordnancesurvey.co.uk/id/postcodeunit/SE12NE,51.502492,-0.073576
chriscooper,Cheiron Learning,,Cooperative,,,,WR2 6AF,,http://chriscooper.coop/,,,,http://data.ordnancesurvey.co.uk/id/postcodeunit/WR26AF,52.196767,-2.245818
cim,CIS General Insurance Limited,,Cooperative,,,,M60 0AL,,,,,,http://data.ordnancesurvey.co.uk/id/postcodeunit/M600AL,53.487203,-2.239674
citydesign,City Design Co operative Ltd,,Cooperative,,,,G1 2DP,,,,,,http://data.ordnancesurvey.co.uk/id/postcodeunit/G12DP,55.860703,-4.252473
clevedoncommunitybookshop,Clevedon Community Bookshop Co-operative Ltd,,Cooperative,,,,BS21 7QN,,https://www.clevedoncommunitybookshop.coop/,,,,http://data.ordnancesurvey.co.uk/id/postcodeunit/BS217QN,51.441230,-2.860455
clockwise,Clockwise Credit Union Ltd,,Cooperative,,,,LE1 5LB,,https://www.clockwise.coop/,,,,http://data.ordnancesurvey.co.uk/id/postcodeunit/LE15LB,52.634943,-1.138194
cms,Co operative and Mutual Solutions,,Cooperative,,,,CA15 8BF,,http://cms.coop/,,,,http://data.ordnancesurvey.co.uk/id/postcodeunit/CA158BF,54.713960,-3.502803
co-opcollege,Co operative College,,Cooperative,,,,M60 0AS,,https://www.co-op.ac.uk/,,,,http://data.ordnancesurvey.co.uk/id/postcodeunit/M600AS,53.486430,-2.239353
co-operation,Tower Hamlets Co-operative Development Agency,,Cooperative,,,,E1 5NF,,http://co-operation.coop/,,,,http://data.ordnancesurvey.co.uk/id/postcodeunit/E15NF,51.517779,-0.066978
co-operative,The Co-operative Group,,Cooperative,,,,M60 0AG,,https://www.co-operative.coop/,,,,http://data.ordnancesurvey.co.uk/id/postcodeunit/M600AG,53.488061,-2.237449
co-operativecreditunion,The Co-operative Credit Union,,Cooperative,,,,M60 4EP,,https://www.co-operativecreditunion.coop/,,,,http://data.ordnancesurvey.co.uk/id/postcodeunit/M604EP,53.487362,-2.227212
co-operativeschools,The Schools Co-operative Society,,Cooperative,,,,HR6 8DE,,http://co-operativeschools.coop/,,,,http://data.ordnancesurvey.co.uk/id/postcodeunit/HR68DE,52.227856,-2.740450
co-working,The Co-working Co-operative CIC,,Cooperative,,,,S1 2JP,,https://www.co-working.coop/,,,,http://data.ordnancesurvey.co.uk/id/postcodeunit/S12JP,53.378401,-1.470737
cobnuts,Cobnuts Co-op,,Cooperative,,,,CO7 0BZ,,http://www.cobnuts.coop/,,,,http://data.ordnancesurvey.co.uk/id/postcodeunit/CO70BZ,51.810033,1.025669
cochabamba,Cochabamba Project Limited,,Cooperative,,,,S7 2NJ,,http://www.arbolivia.org.uk/,,,,http://data.ordnancesurvey.co.uk/id/postcodeunit/S72NJ,53.344603,-1.504306
cocreate,Cocreate Co-operative Ltd.,,Cooperative,,,,E7 0PZ,,http://cocreate.coop/,,,,http://data.ordnancesurvey.co.uk/id/postcodeunit/E70PZ,51.548668,0.033045
communityenergybirmingham,CoRE50,,Cooperative,,,,B12 8NJ,,http://www.communityenergybirmingham.coop/,,,,http://data.ordnancesurvey.co.uk/id/postcodeunit/B128NJ,52.456359,-1.881785
communitypowercooperative,Community Power Co-operative,,Cooperative,,,,TR1 2SJ,,http://communitypowercooperative.coop/,,,,http://data.ordnancesurvey.co.uk/id/postcodeunit/TR12SJ,50.263671,-5.054136
communitypowercornwall,Neil Farrington,,Cooperative,,,,TR1 2SJ,,http://communitypowercornwall.coop/,,,,http://data.ordnancesurvey.co.uk/id/postcodeunit/TR12SJ,50.263671,-5.054136
consultancy,Consultancy Coop,,Cooperative,,,,CF14 2TH,,http://www.consultancy.coop/,,,,http://data.ordnancesurvey.co.uk/id/postcodeunit/CF142TH,51.513252,-3.235011
coopalternatives,Cooperative Alternative,,Cooperative,,,,BT15 2GG,,http://www.coopalternatives.coop/,,,,,,
coopbankinggroup,The Co-operative Bank p.l.c.,,Cooperative,,,,M9 0WQ,,http://coopbankinggroup.coop/,,,,http://data.ordnancesurvey.co.uk/id/postcodeunit/M90WQ,53.529679,-2.222490
cooperantics,Somerset Co-operative Services,,Cooperative,,,,BS3 5QS,,http://www.cooperantics.coop/,,,,http://data.ordnancesurvey.co.uk/id/postcodeunit/BS35QS,51.431826,-2.600644
cooperativeinsurance,Co operative Financial Services Ltd.,,Cooperative,,,,M60 0AL,,,,,,http://data.ordnancesurvey.co.uk/id/postcodeunit/M600AL,53.487203,-2.239674
cooperativerenewables,Co-operative Renewables Limited,,Cooperative,,,,OX7 5XL,,,,,,http://data.ordnancesurvey.co.uk/id/postcodeunit/OX75XL,51.943976,-1.553942
cooperatives-east,Co-operatives East,,Cooperative,,,,NR3 3UE,,http://www.cooperatives-east.coop/,,,,http://data.ordnancesurvey.co.uk/id/postcodeunit/NR33UE,52.651808,1.281782
cooperatives-em,Co-operatives East Midlands,,Cooperative,,,,LN6 3NX,,http://cooperatives-em.coop/,,,,http://data.ordnancesurvey.co.uk/id/postcodeunit/LN63NX,53.206539,-0.608041
cooperatives-se,Co-operatives South East,,Cooperative,,,,GL1  4DF,,http://cooperatives-se.coop/,,,,http://data.ordnancesurvey.co.uk/id/postcodeunit/GL14DF,51.858155,-2.230636
cooperatives-sw,Co-operatives South West Limited,,Cooperative,,,,BS2 8QN,,http://www.cooperatives-sw.coop/,,,,http://data.ordnancesurvey.co.uk/id/postcodeunit/BS28QN,51.460895,-2.588431
cooperatives-wales,Co-operatives and Mutuals Wales,,Cooperative,,,,CF14 2TH,,http://www.cooperatives-wales.coop/,,,,http://data.ordnancesurvey.co.uk/id/postcodeunit/CF142TH,51.513252,-3.235011
cooperatives-wm,Co-operatives West Midlands,,Cooperative,,,,B12 9LQ,,,,,,http://data.ordnancesurvey.co.uk/id/postcodeunit/B129LQ,52.459419,-1.894743
cooperatives-yh,Co-operatives Yorkshire and the Humber Limited,,Cooperative,,,,S3 8GG,,,,,,http://data.ordnancesurvey.co.uk/id/postcodeunit/S38GG,53.387518,-1.465392
cooperativewomensguild,Co-operative Women's Guild,,Cooperative,,,,BN44 3HP,,,,,,http://data.ordnancesurvey.co.uk/id/postcodeunit/BN443HP,50.884553,-0.304754
coophomes,Co op Homes (South) Ltd,,Cooperative,,,,TW11 8GT,,https://www.coophomes.coop/,,,,http://data.ordnancesurvey.co.uk/id/postcodeunit/TW118GT,51.428194,-0.334671
cornwall,Social Economy & Co-operative Development Cornwall,,Cooperative,,,,TR1 1SL,,https://kernowkabin.wordpress.com/,,,,http://data.ordnancesurvey.co.uk/id/postcodeunit/TR11SL,50.244931,-5.024657
corporatecritic,Ethical Consumer,,Cooperative,,,,M15 5RF,,,,,,http://data.ordnancesurvey.co.uk/id/postcodeunit/M155RF,53.465469,-2.248348
councils,Co-operative Councils' Innovation Network,,Cooperative,,,,OL1 1UL,,http://www.councils.coop/,,,,,,
cpda,Cumbria Personal Development Associates Ltd,,Cooperative,,,,LA12 0RG,,,,,,http://data.ordnancesurvey.co.uk/id/postcodeunit/LA120RG,54.096432,-3.144639
creative,The Creative Coop,,Cooperative,,,,CO1 1PA,,https://creative.coop/,,,,http://data.ordnancesurvey.co.uk/id/postcodeunit/CO11PA,51.890011,0.895835
credit-union,Credit Union,,Cooperative,,,,N19 3RQ,,https://www.credit-union.coop/index.asp,,,,http://data.ordnancesurvey.co.uk/id/postcodeunit/N193RQ,51.569980,-0.129065
credituniongovernance,Association of British Credit Unions Limited,,Cooperative,,,,M60 OAS,,,,,,,,
csnetwork,CS Network,,Cooperative,,,,CT20 1SJ,,http://csnetwork.coop/,,,,http://data.ordnancesurvey.co.uk/id/postcodeunit/CT201SJ,51.080225,1.182981
cultural,Cultural Cooperatives,,Cooperative,,,,N8 7DA,,http://cultural.coop/,,,,http://data.ordnancesurvey.co.uk/id/postcodeunit/N87DA,51.585903,-0.116502
culture,Co-op Culture,,Cooperative,,,,HX7 7NW,,https://culture.coop/,,,,http://data.ordnancesurvey.co.uk/id/postcodeunit/HX77NW,53.750159,-2.020784
cus,Credit Union Solutions,,Cooperative,,,,UB3 1PE,,http://www.cus.coop/,,,,http://data.ordnancesurvey.co.uk/id/postcodeunit/UB31PE,51.497473,-0.437373
cuso-uk,Southampton Cooperative City,,Cooperative,,,,BH23 7NH,,http://www.cuso-uk.coop/,,,,http://data.ordnancesurvey.co.uk/id/postcodeunit/BH237NH,50.745393,-1.767888
cyf,Carreg Y Fedwen Cyf.,,Cooperative,,,,LL57 4RP,,,,,,http://data.ordnancesurvey.co.uk/id/postcodeunit/LL574RP,53.180726,-4.102535
dailybread,Daily Bread Co-operative Ltd,,Cooperative,,,,NN4 7AD,,https://dailybread.co.uk/,,,,http://data.ordnancesurvey.co.uk/id/postcodeunit/NN47AD,52.232455,-0.873230
dalefarm,Dale Farm CoOp,,Cooperative,,,,BT3 9LS,,,,,,,,
datrys,Datrys Consulting Engineers Ltd,,Cooperative,,,,LL55 1SW,,,,,,http://data.ordnancesurvey.co.uk/id/postcodeunit/LL551SW,53.141164,-4.277666
delta-t,Delta T Devices Ltd,,Cooperative,,,,CB25 0EJ,,https://delta-t.co.uk/,,,,http://data.ordnancesurvey.co.uk/id/postcodeunit/CB250EJ,52.277335,0.322830
directory,ICASS,,Cooperative,,,,OX4 1JE,,http://directory.coop/,,,,http://data.ordnancesurvey.co.uk/id/postcodeunit/OX41JE,51.748316,-1.239064
domains,Domains.coop Limited,,Cooperative,,,,OX4 1JE,,https://domains.coop/,,,,http://data.ordnancesurvey.co.uk/id/postcodeunit/OX41JE,51.748316,-1.239064
drumlin,Drumlin Wind Energy Co-operative Limited,,Cooperative,,,,LA14 2PN,,http://www.drumlin.coop/,,,,http://data.ordnancesurvey.co.uk/id/postcodeunit/LA142PN,54.118489,-3.241650
dynamix,Dynamix,,Cooperative,,,,SA1 2AY,,http://dynamix.coop/,,,,http://data.ordnancesurvey.co.uk/id/postcodeunit/SA12AY,51.633934,-3.942384
earth,LocalEyes Ltd,,Cooperative,,,,SA1 1NW,,http://earth.coop/,,,,http://data.ordnancesurvey.co.uk/id/postcodeunit/SA11NW,51.623216,-3.941796
eastofengland,East Of England Cooperative Society,,Cooperative,,,,IP9 2BJ,,https://www.eastofengland.coop/,,,,http://data.ordnancesurvey.co.uk/id/postcodeunit/IP92BJ,52.022356,1.144878
ecologicalland,Ecological Land Cooperative,,Cooperative,,,,BN7 2PE,,,,,,http://data.ordnancesurvey.co.uk/id/postcodeunit/BN72PE,50.877973,0.010069
edinburghbicycle,Edinburgh Bicycle,,Cooperative,,,,EH9 1DU,,https://www.edinburghbicycle.com/,,,,http://data.ordnancesurvey.co.uk/id/postcodeunit/EH91DU,55.937755,-3.202940
edinburghsolar,Edinburgh Solar Co-op,,Cooperative,,,,LA14 2PN,,http://www.edinburghsolar.coop/,,,,http://data.ordnancesurvey.co.uk/id/postcodeunit/LA142PN,54.118489,-3.241650
egni,Egni Cydweithredol Cyfyngedig,,Cooperative,,,,SA9 2GN,,http://egni.coop/,,,,http://data.ordnancesurvey.co.uk/id/postcodeunit/SA92GN,51.800904,-3.820471
eip,Evidence In Practice LLP,,Cooperative,,,,HR9 7RY,,,,,,http://data.ordnancesurvey.co.uk/id/postcodeunit/HR97RY,51.926138,-2.497036
elm,Eco Land Management LLP,,Cooperative,,,,PL18 9JL,,http://elm.coop/index.html,,,,http://data.ordnancesurvey.co.uk/id/postcodeunit/PL189JL,50.523702,-4.212158
empower,Community Empowerment Limited,,Cooperative,,,,PO1 1BU,,http://empower.coop/,,,,http://data.ordnancesurvey.co.uk/id/postcodeunit/PO11BU,50.800862,-1.090184
empowerus,Co-operative Admin Solutions CIC,,Cooperative,,,,PO1 1BU,,http://empowerus.coop/,,,,http://data.ordnancesurvey.co.uk/id/postcodeunit/PO11BU,50.800862,-1.090184
energyforeducation,Energy for Education Co-operative,,Cooperative,,,,PO21 4XB,,,,,,http://data.ordnancesurvey.co.uk/id/postcodeunit/PO214XB,50.769982,-0.736109
energyprospects,Energy Prospects Co-op Limited,,Cooperative,,,,LA14 2PN,,https://www.energyprospects.coop/,,,,http://data.ordnancesurvey.co.uk/id/postcodeunit/LA142PN,54.118489,-3.241650
equalcare,Equal Care Co-op,,Cooperative,,,,HX7 8AH,,https://equalcare.coop/,,,,http://data.ordnancesurvey.co.uk/id/postcodeunit/HX78AH,53.741190,-2.011379
ercu,East Renfrewshire Credit Union Ltd.,,Cooperative,,,,G78 2RN,,https://www.pioneercu.coop/,,,,http://data.ordnancesurvey.co.uk/id/postcodeunit/G782RN,55.802906,-4.382997
essentialtrading,Essential Trading Co op Ltd,,Cooperative,,,,BS16 3JB,,,,,,http://data.ordnancesurvey.co.uk/id/postcodeunit/BS163JB,51.475533,-2.535935
etc,Eco Thames Co-operative,,Cooperative,,,,E1 1LX,,http://www.etc.coop/,,,,http://data.ordnancesurvey.co.uk/id/postcodeunit/E11LX,51.513155,-0.066885
failsworth,Co Op Academy Failsworth,,Cooperative,,,,M359HA,,,,,,http://data.ordnancesurvey.co.uk/id/postcodeunit/M359HA,53.507677,-2.146337
fairshares,FairShares Association,,Cooperative,,,,S36 6UF,,http://www.fairshares.coop/,,,,http://data.ordnancesurvey.co.uk/id/postcodeunit/S366UF,53.519454,-1.629561
fairtrader,The Fair Traders Cooperative Ltd,,Cooperative,,,,HD9 2JS,,https://fairtrader.coop/,,,,http://data.ordnancesurvey.co.uk/id/postcodeunit/HD92JS,53.569143,-1.789638
fens,Fenland Green Power Co-op Ltd,,Cooperative,,,,LA14 2PN,,http://www.fens.coop/,,,,http://data.ordnancesurvey.co.uk/id/postcodeunit/LA142PN,54.118489,-3.241650
fieldtoforkorganics,Field to Fork Organics Co-operative Limited,,Cooperative,,,,NW2 1RE,,http://fieldtoforkorganics.coop/,,,,http://data.ordnancesurvey.co.uk/id/postcodeunit/NW21RE,51.560297,-0.211638
fish,Coastal Producer Organisation,,Cooperative,,,,HR9 7RY,,https://fish.coop/,,,,http://data.ordnancesurvey.co.uk/id/postcodeunit/HR97RY,51.926138,-2.497036
fourwinds,Four Winds Energy Co-operative Limited,,Cooperative,,,,LA14 2PN,,http://www.fourwinds.coop/,,,,http://data.ordnancesurvey.co.uk/id/postcodeunit/LA142PN,54.118489,-3.241650
fromfarm2fork,Co-operative Group Limited,,Cooperative,,,,M60 4ES,,,,,,http://data.ordnancesurvey.co.uk/id/postcodeunit/M604ES,53.487212,-2.239674
futures,Co-operative Futures,,Cooperative,,,,GL1 4DF,,https://futures.coop/,,,,http://data.ordnancesurvey.co.uk/id/postcodeunit/GL14DF,51.858155,-2.230636
gcda,Greenwich Cooperative Development Agency,,Cooperative,,,,SE10 9QF,,https://gcda.coop/,,,,http://data.ordnancesurvey.co.uk/id/postcodeunit/SE109QF,51.478501,-0.016996
gildedsplinters,Gildedsplinters,,Cooperative,,,,PE34 3AY,,http://gildedsplinters.coop/,,,,http://data.ordnancesurvey.co.uk/id/postcodeunit/PE343AY,52.682219,0.359796
gingergiraffe,Ginger Giraffe Collective,,Cooperative,,,,W12 9EY,,,,,,http://data.ordnancesurvey.co.uk/id/postcodeunit/W129EY,51.505450,-0.240025
glamorgan,Jonathan Bishop Limited,,Cooperative,,,,SA19NN,,http://glamorgan.coop/,,,,http://data.ordnancesurvey.co.uk/id/postcodeunit/SA19NN,51.647984,-3.923586
gloscommunityenergy,Gloucestershire Community Energy Co-op,,Cooperative,,,,GL6 9AS,,http://www.gloscommunityenergy.coop/,,,,http://data.ordnancesurvey.co.uk/id/postcodeunit/GL69AS,51.702139,-2.181004
goulash,Goulash Co-operative Limited,,Cooperative,,,,CV3 2AB,,,,,,http://data.ordnancesurvey.co.uk/id/postcodeunit/CV32AB,52.412078,-1.409101
gowerpower,Gower Power Community Cooperative,,Cooperative,,,,sa32ep,,http://www.gowerpower.coop/,,,,http://data.ordnancesurvey.co.uk/id/postcodeunit/SA32EP,51.580750,-4.101151
grandunion,Grand Union Housing Co-operative,,Cooperative,,,,E2 9HL,,,,,,http://data.ordnancesurvey.co.uk/id/postcodeunit/E29HL,51.533348,-0.051929
graphics,The Graphics Company Ltd,,Cooperative,,,,EH7 4LS,,https://graphics.coop/,,,,http://data.ordnancesurvey.co.uk/id/postcodeunit/EH74LS,55.960648,-3.182762
greatglen,The Great Glen Energy Co-operative,,Cooperative,,,,LA14 2PN,,http://www.greatglen.coop/,,,,http://data.ordnancesurvey.co.uk/id/postcodeunit/LA142PN,54.118489,-3.241650
greencity,GreenCity Wholefoods,,Cooperative,,,,G31 1PQ,,https://www.greencity.coop/,,,,http://data.ordnancesurvey.co.uk/id/postcodeunit/G311PQ,55.857498,-4.207194
greenfoxcommunityenergy,Green Fox Community Energy,,Cooperative,,,,LE3 0HD,,https://greenfoxcommunityenergy.coop/,,,,http://data.ordnancesurvey.co.uk/id/postcodeunit/LE30HD,52.626902,-1.157543
greenshootsdaynursery,Green Shoots Day Nursery,,Cooperative,,,,E1 1LX,,http://greenshootsdaynursery.coop/,,,,http://data.ordnancesurvey.co.uk/id/postcodeunit/E11LX,51.513155,-0.066885
grin,GRIN SW LLP,,Cooperative,,,,EX16 6WY,,http://grin.coop/,,,,http://data.ordnancesurvey.co.uk/id/postcodeunit/EX166WY,50.912910,-3.476862
gritstone,Gritstone Publishing Co-operative,,Cooperative,,,,HX7 6HJ,,https://www.gritstone.coop/,,,,http://data.ordnancesurvey.co.uk/id/postcodeunit/HX76HJ,53.740587,-2.017671
hampshire-energy,Hampshire Energy Services,,Cooperative,,,,RG21 4HG,,http://hampshire-energy.coop/,,,,http://data.ordnancesurvey.co.uk/id/postcodeunit/RG214HG,51.267892,-1.077497
harlowsave,Harlowsave Credit Union,,Cooperative,,,,CM20 1HA,,http://harlowsave.coop/,,,,http://data.ordnancesurvey.co.uk/id/postcodeunit/CM201HA,51.768741,0.094561
haywoodacademy,Haywood Academy,,Cooperative,,,,ST6 7AB,,http://www.haywoodacademy.coop/,,,,http://data.ordnancesurvey.co.uk/id/postcodeunit/ST67AB,53.055312,-2.189123
hcd,Hackney Co-operative Developments,,Cooperative,,,,E8 3DY,,http://www.hced.co.uk/home,,,,http://data.ordnancesurvey.co.uk/id/postcodeunit/E83DY,51.544684,-0.074030
heartofengland,Heart of England Co operative Society,,Cooperative,,,,CV115BU,,https://www.heartofengland.coop/,,,,http://data.ordnancesurvey.co.uk/id/postcodeunit/CV115BU,52.523021,-1.471020
hfholidays,HF Holidays,,Cooperative,,,,WD6 3SY,,,,,,http://data.ordnancesurvey.co.uk/id/postcodeunit/WD63SY,51.638376,-0.306766
highwinds,High Winds Co-op,,Cooperative,,,,LA14 2PN,,https://www.highwinds.coop/,,,,http://data.ordnancesurvey.co.uk/id/postcodeunit/LA142PN,54.118489,-3.241650
hive,The Co-operative Academy of Manchester,,Cooperative,,,,SE13SD,,http://www.hive.coop/,,,,,,
hometruths,Hometruths Co-operative Limited,,Cooperative,,,,SN10 5QA,,http://hometruths.coop/,,,,http://data.ordnancesurvey.co.uk/id/postcodeunit/SN105QA,51.322534,-2.008575
humane,Humane Limited,,Cooperative,,,,SW15 4PF,,,,,,http://data.ordnancesurvey.co.uk/id/postcodeunit/SW154PF,51.452709,-0.252057
humanfood,Human Food,,Cooperative,,,,SA708AB,,https://humanfood.coop/,,,,http://data.ordnancesurvey.co.uk/id/postcodeunit/SA708AB,51.675308,-4.703611
icmif,ICMIF,,Cooperative,,,,WA14 4PD,,,,,,,,
inca,Independent Networks Co-operative Association,,Cooperative,,,,SK4 3GN,,https://www.inca.coop/,,,,http://data.ordnancesurvey.co.uk/id/postcodeunit/SK43GN,53.406879,-2.202263
infinityfoods,Infinity Foods Co-operative Ltd,,Cooperative,,,,BN43 6PB,,http://infinityfoods.coop/,,,,http://data.ordnancesurvey.co.uk/id/postcodeunit/BN436PB,50.833579,-0.260746
innovate,The Phone Co-op Foundation for Co-operative Innovation Limited,,Cooperative,,,,OX7 5EX,,http://innovate.coop/,,,,http://data.ordnancesurvey.co.uk/id/postcodeunit/OX75EX,51.937209,-1.547870
inspiringchange,Inspiring Change,,Cooperative,,,,WD4 8BX,,,,,,http://data.ordnancesurvey.co.uk/id/postcodeunit/WD48BX,51.718670,-0.452446
jazz,Pink Lane Jazz Coop,,Cooperative,,,,NE2 3LN,,,,,,http://data.ordnancesurvey.co.uk/id/postcodeunit/NE23LN,54.996493,-1.612011
johncurwen,The John Curwen Co-operative Primary Academy,,Cooperative,,,,WF16 9BB,,http://www.johncurwen.coop/,,,,http://data.ordnancesurvey.co.uk/id/postcodeunit/WF169BB,53.720697,-1.668182
joomo,JooMo Ltd.,,Cooperative,,,,RG1 5SB,,https://www.joomo.coop/,,,,http://data.ordnancesurvey.co.uk/id/postcodeunit/RG15SB,51.450938,-0.947891
jubilee,Jubilee Community Benefit Society,,Cooperative,,,,BT40 1DT,,https://www.jubilee.coop/,,,,,,
just,Just Cooperate Limited,,Cooperative,,,,GL20 5TZ,,http://www.just.coop/,,,,http://data.ordnancesurvey.co.uk/id/postcodeunit/GL205TZ,51.984068,-2.162701
justfilm,Birmingham Co-operative Film Society,,Cooperative,,,,B68 8DT,,http://www.justfilm.coop/,,,,http://data.ordnancesurvey.co.uk/id/postcodeunit/B688DT,52.476708,-2.005271
keepit,the Co-operative Party,,Cooperative,,,,SE1 3SD,,,,,,,,
kilbraur,Kilbraur Wind Energy Co-operative,,Cooperative,,,,LA14 2PN,,http://www.kilbraur.coop/,,,,http://data.ordnancesurvey.co.uk/id/postcodeunit/LA142PN,54.118489,-3.241650
labcommunityenergy,Labcommunityenergy,,Cooperative,,,,LA14 2PN,,http://labcommunityenergy.coop/,,,,http://data.ordnancesurvey.co.uk/id/postcodeunit/LA142PN,54.118489,-3.241650
ldn,Co-operatives London,,Cooperative,,,,E1 5NF,,https://ldn.coop/,,,,http://data.ordnancesurvey.co.uk/id/postcodeunit/E15NF,51.517779,-0.066978
learners,The Learners Co-operative Ltd,,Cooperative,,,,PL4 6YP,,,,,,,,
leda,LEDA Ltd.,,Cooperative,,,,LS9 0DG,,https://www.leda.coop/,,,,http://data.ordnancesurvey.co.uk/id/postcodeunit/LS90DG,53.788288,-1.519569
ledaarchitects,Leeds Environmental Design Associates Ltd,,Cooperative,,,,LE1 6QL,,https://www.ledaarchitects.coop/,,,,http://data.ordnancesurvey.co.uk/id/postcodeunit/LE16QL,52.632354,-1.131950
leedsbread,Leeds Community Bakery,,Cooperative,,,,LS7 2AW,,https://leedsbread.coop/,,,,http://data.ordnancesurvey.co.uk/id/postcodeunit/LS72AW,53.812752,-1.542131
lilac,Lilac Ltd.,,Cooperative,,,,LS5 3AG,,http://www.lilac.coop/,,,,http://data.ordnancesurvey.co.uk/id/postcodeunit/LS53AG,53.812478,-1.612466
lincolnshire,Lincolnshire Co-operative Ltd,,Cooperative,,,,LN5 7DB,,https://www.lincolnshire.coop/,,,,http://data.ordnancesurvey.co.uk/id/postcodeunit/LN57DB,53.225042,-0.541291
lincolnshirecda,Lincolnshire CDA,,Cooperative,,,,LN57DB,,http://cdl.coop/,,,,http://data.ordnancesurvey.co.uk/id/postcodeunit/LN57DB,53.225042,-0.541291
link,Link Psychology Cooperative Limited,,Cooperative,,,,PR2 6XX,,https://www.link.coop/,,,,http://data.ordnancesurvey.co.uk/id/postcodeunit/PR26XX,53.781313,-2.675653
lipsonco-operativeacademy,Lipson The Co-operative Academy,,Cooperative,,,,PL4 7PG,,https://lipsonco-operativeacademy.coop/,,,,http://data.ordnancesurvey.co.uk/id/postcodeunit/PL47PG,50.381718,-4.110510
lister,Lister Housing Co operative Limited,,Cooperative,,,,EH3 9EZ,,http://lister.coop/,,,,http://data.ordnancesurvey.co.uk/id/postcodeunit/EH39EZ,55.945129,-3.196812
loanfund,ICOF Limited,,Cooperative,,,,BS2 8PE,,https://loanfund.coop/,,,,http://data.ordnancesurvey.co.uk/id/postcodeunit/BS28PE,51.460451,-2.587288
londonfashion,London Fashion Coop,,Cooperative,,,,NW6 6HY,,http://londonfashion.coop/,,,,http://data.ordnancesurvey.co.uk/id/postcodeunit/NW66HY,51.537472,-0.193311
londonstudent,London Student,,Cooperative,,,,WC1E 6EQ,,http://londonstudent.coop/,,,,http://data.ordnancesurvey.co.uk/id/postcodeunit/WC1E6EQ,51.522467,-0.132080
loop,Loop.Coop,,Cooperative,,,,BN3 1JW,,http://loop.coop/,,,,http://data.ordnancesurvey.co.uk/id/postcodeunit/BN31JW,50.827162,-0.161886
lordshiphub,Jacobsberg,,Cooperative,,,,N17 6HA,,,,,,http://data.ordnancesurvey.co.uk/id/postcodeunit/N176HA,51.597449,-0.078209
lothianbroadband,Lothian Broadband Limited,,Cooperative,,,,EH41 4LE,,,,,,http://data.ordnancesurvey.co.uk/id/postcodeunit/EH414LE,55.949159,-2.723520
mach,The Machynlleth Housing Cooperative Ltd.,,Cooperative,,,,SY208BQ,,http://mach.coop/,,,,http://data.ordnancesurvey.co.uk/id/postcodeunit/SY208BQ,52.592554,-3.853990
magpie,Magpie Recycling Co op,,Cooperative,,,,BN2 4AY,,http://magpie.coop/,,,,http://data.ordnancesurvey.co.uk/id/postcodeunit/BN24AY,50.840541,-0.124402
maidenergy,MaidEnergy,,Cooperative,,,,SL6 4PF,,http://www.maidenergy.coop/,,,,http://data.ordnancesurvey.co.uk/id/postcodeunit/SL64PF,51.515108,-0.744450
malvernbook,Malvern Book Co-operative,,Cooperative,,,,WR14 4RG,,http://malvernbook.coop/,,,,http://data.ordnancesurvey.co.uk/id/postcodeunit/WR144RG,52.111921,-2.331403
manufacturing,Cranfield University,,Cooperative,,,,MK43 0AL,,http://www.manufacturing.coop/,,,,http://data.ordnancesurvey.co.uk/id/postcodeunit/MK430AL,52.073918,-0.628755
mbm,mbm co-operative services,,Cooperative,,,,SE100FF,,http://mbm.coop/,,,,http://data.ordnancesurvey.co.uk/id/postcodeunit/SE100FF,51.487021,0.000759
mc3,Mitchell Coxan Creative Communications LLP (MC3),,Cooperative,,,,HD7 5XD,,http://mc3.coop/,,,,http://data.ordnancesurvey.co.uk/id/postcodeunit/HD75XD,53.622325,-1.898954
mediablazehosts,MediaBlaze Hosting Limited,,Cooperative,,,,TN27 0JA,,http://mediablazehosts.coop/,,,,http://data.ordnancesurvey.co.uk/id/postcodeunit/TN270JA,51.208748,0.792089
mica,Mica DIY Ltd,,Cooperative,,,,ST15 8LQ,,,,,,http://data.ordnancesurvey.co.uk/id/postcodeunit/ST158LQ,52.909129,-2.158137
midcounties,Midcounties Cooperative,,Cooperative,,,,CV34 6DA,,https://www.midcounties.coop/,,,,http://data.ordnancesurvey.co.uk/id/postcodeunit/CV346DA,52.274097,-1.567345
mim,Made in Morocco Coop LTD,,Cooperative,,,,BS32 8AX,,,,,,http://data.ordnancesurvey.co.uk/id/postcodeunit/BS328AX,51.525237,-2.543985
mongooseenergy,Mongoose Energy,,Cooperative,,,,SN13 9TZ,,https://mongooseenergy.coop/,,,,http://data.ordnancesurvey.co.uk/id/postcodeunit/SN139TZ,51.415943,-2.203611
naco,National Association of Co-operative Officials,,Cooperative,,,,SK14 2QZ,,http://naco.coop/,,,,http://data.ordnancesurvey.co.uk/id/postcodeunit/SK142QZ,53.451411,-2.076516
naturalfoodstore,Natural Food Store Limited,,Cooperative,,,,LS6 3AD,,https://www.naturalfoodstore.coop/,,,,http://data.ordnancesurvey.co.uk/id/postcodeunit/LS63AD,53.817990,-1.576006
netuxo,Netuxo Ltd,,Cooperative,,,,N1 6AH,,https://netuxo.coop/,,,,http://data.ordnancesurvey.co.uk/id/postcodeunit/N16AH,51.528518,-0.087932
networks,Cooperative Networks,,Cooperative,,,,HD7 5XD,,http://networks.coop/,,,,http://data.ordnancesurvey.co.uk/id/postcodeunit/HD75XD,53.622325,-1.898954
newera,New Era Enterprises (E.Lancs) Ltd,,Cooperative,,,,BB11 3BT,,http://newera.coop/,,,,http://data.ordnancesurvey.co.uk/id/postcodeunit/BB113BT,53.789073,-2.234487
newharmonypress,New Harmony Press Limited,,Cooperative,,,,LE1 6WT,,http://www.newharmonypress.coop/,,,,http://data.ordnancesurvey.co.uk/id/postcodeunit/LE16WT,52.627183,-1.129334
news,Co-operative Press,,Cooperative,,,,M600AS,,,,,,http://data.ordnancesurvey.co.uk/id/postcodeunit/M600AS,53.486430,-2.239353
nfpc,NFPC,,Cooperative,,,,NE7 7ST,,,,,,http://data.ordnancesurvey.co.uk/id/postcodeunit/NE77ST,55.006233,-1.581898
nightingale,Nightingale Primary Academy,,Cooperative,,,,LS8 5HS,,http://www.nightingale.coop/,,,,http://data.ordnancesurvey.co.uk/id/postcodeunit/LS85HS,53.812779,-1.517026
norwichcommunitysolar,Norwich Community Solar,,Cooperative,,,,NR3 4TL,,http://www.norwichcommunitysolar.coop/,,,,http://data.ordnancesurvey.co.uk/id/postcodeunit/NR34TL,52.643836,1.302594
norwichmustard,Norwich Mustard,,Cooperative,,,,NR18 9SS,,,,,,http://data.ordnancesurvey.co.uk/id/postcodeunit/NR189SS,52.538174,1.065239
oakwood,Oakwood Primary Academy,,Cooperative,,,,LS8 3LZ,,https://oakwood.coopacademies.co.uk/,,,,http://data.ordnancesurvey.co.uk/id/postcodeunit/LS83LZ,53.813198,-1.500710
oastwood,Oast Wood Housing Co-operative Limited,,Cooperative,,,,SE1 4YR,,https://www.oastwood.coop/,,,,http://data.ordnancesurvey.co.uk/id/postcodeunit/SE14YR,51.499869,-0.092964
ocu/1,Oxfordshire Credit Union,,Cooperative,,,,BS5 0HE,,http://oxfordshirecreditunion.co.uk/,,,,http://data.ordnancesurvey.co.uk/id/postcodeunit/BS50HE,51.462095,-2.567517
ocu/2,Oxfordshire Credit Union,,Cooperative,,,,UB3 1PE,,http://oxfordshirecreditunion.co.uk/,,,,http://data.ordnancesurvey.co.uk/id/postcodeunit/UB31PE,51.497473,-0.437373
olan,Olan Housing Co-operative Limited,,Cooperative,,,,SE4 1HP,,,,,,http://data.ordnancesurvey.co.uk/id/postcodeunit/SE41HP,51.453519,-0.027651
oneblackpool,One Blackpool Ltd,,Cooperative,,,,FY4 1SH,,https://www.oneblackpool.coop/,,,,http://data.ordnancesurvey.co.uk/id/postcodeunit/FY41SH,53.778576,-3.052867
oneplanet,One Planet (Accrington) Ltd,,Cooperative,,,,BB5 1EE,,http://oneplanet.coop/,,,,http://data.ordnancesurvey.co.uk/id/postcodeunit/BB51EE,53.751726,-2.361818
opendataservices,Open Data Services Co-operative Limited,,Cooperative,,,,BN3 2FN,,http://opendataservices.coop/,,,,http://data.ordnancesurvey.co.uk/id/postcodeunit/BN32FN,50.827153,-0.167566
openspace,Ecobee Ltd,,Cooperative,,,,M16 8GB,,https://www.openspace.coop/,,,,http://data.ordnancesurvey.co.uk/id/postcodeunit/M168GB,53.451140,-2.261772
orchard,Orchard Community Energy Ltd.,,Cooperative,,,,SN13 9TZ,,http://orchard.coop/,,,,http://data.ordnancesurvey.co.uk/id/postcodeunit/SN139TZ,51.415943,-2.203611
ourtrust,OUR Co-operative Academy Trust,,Cooperative,,,,GL4 0RT,,http://ourtrust.coop/,,,,http://data.ordnancesurvey.co.uk/id/postcodeunit/GL40RT,51.828768,-2.262802
outlandish,Outlandish Co-operative,,Cooperative,,,,CR2 6QA,,,,,,http://data.ordnancesurvey.co.uk/id/postcodeunit/CR26QA,51.346589,-0.104619
p4c,P4C.com Limited,,Cooperative,,,,DE23 6JG,,https://p4c.com/,,,,http://data.ordnancesurvey.co.uk/id/postcodeunit/DE236JG,52.900259,-1.494418
parallaxphotographic,Parallax Photographic,,Cooperative,,,,SW9 8LA,,https://parallaxphotographic.coop/,,,,http://data.ordnancesurvey.co.uk/id/postcodeunit/SW98LA,51.461819,-0.113985
party,The Co operative Party,,Cooperative,,,,BB1 5RR,,https://party.coop/,,,,,,
partyni,The CG NI Co-op Party,,Cooperative,,,,BT66 6AJ,,https://www.partyni.coop/,,,,,,
peloton,Peloton Liverpool,,Cooperative,,,,L13 9AF,,http://peloton.coop/,,,,http://data.ordnancesurvey.co.uk/id/postcodeunit/L139AF,53.428107,-2.930509
penrith,Penrith Co-operative Society,,Cooperative,,,,CA11 7TD,,,,,,,,
pfg,Power for Good Cooperative Ltd,,Cooperative,,,,B73 6LD,,http://powerforgood.btck.co.uk/,,,,http://data.ordnancesurvey.co.uk/id/postcodeunit/B736LD,52.553863,-1.836215
pioneerawards,The Cooperative Group Food Limited,,Cooperative,,,,M15 4FN,,http://pioneerawards.coop/,,,,http://data.ordnancesurvey.co.uk/id/postcodeunit/M154FN,53.472915,-2.246614
pioneercu,Pioneer Mutual Credit Union Ltd.,,Cooperative,,,,G78 1SG,,https://www.pioneercu.coop/,,,,http://data.ordnancesurvey.co.uk/id/postcodeunit/G781SG,55.800324,-4.390498
platform6,Mitchell Coxan Creative Communications LLP,,Cooperative,,,,HD7 5JN,,https://platform6.coop/,,,,http://data.ordnancesurvey.co.uk/id/postcodeunit/HD75JN,53.622505,-1.879980
plymouth,Co-operative Party (Plymouth branch),,Cooperative,,,,PL1 2AQ,,,,,,http://data.ordnancesurvey.co.uk/id/postcodeunit/PL12AQ,50.368000,-4.140121
populate,Populate Co-operative,,Cooperative,,,,OX4 1PY,,https://populatecoop.wordpress.com/,,,,http://data.ordnancesurvey.co.uk/id/postcodeunit/OX41PY,51.745084,-1.235585
positivenews,Positive News Limited,,Cooperative,,,,EC1V 1NQ,,,,,,http://data.ordnancesurvey.co.uk/id/postcodeunit/EC1V1NQ,51.532222,-0.105079
preciouskids,Precious Kids Day Nursery,,Cooperative,,,,E1 5HZ,,http://preciouskids.coop/,,,,http://data.ordnancesurvey.co.uk/id/postcodeunit/E15HZ,51.519881,-0.066860
principle5,Principle 5 (Yorkshire Co-operative Resource Centre) Limited,,Cooperative,,,,S3 8GG,,https://www.principle5.coop/,,,,http://data.ordnancesurvey.co.uk/id/postcodeunit/S38GG,53.387518,-1.465392
principlesix,Principle Six LLP,,Cooperative,,,,E2 9DT,,,,,,http://data.ordnancesurvey.co.uk/id/postcodeunit/E29DT,51.532754,-0.059466
publicaffairs,Public Affairs Co-operative Ltd,,Cooperative,,,,PH2 8AH,,http://publicaffairs.coop/,,,,http://data.ordnancesurvey.co.uk/id/postcodeunit/PH28AH,56.392256,-3.429466
r-eco,The Renewable Energy Co-operative,,Cooperative,,,,TR4 8RJ,,http://r-eco.coop/,,,,http://data.ordnancesurvey.co.uk/id/postcodeunit/TR48RJ,50.231249,-5.138815
radstock,Radstock Cooperative Society,,Cooperative,,,,BA3 3RQ,,http://www.radstockcoop.co.uk/,,,,http://data.ordnancesurvey.co.uk/id/postcodeunit/BA33RQ,51.292209,-2.448525
rch,Redditch Co-operative Homes,,Cooperative,,,,B97 6HD,,https://rch.coop/,,,,http://data.ordnancesurvey.co.uk/id/postcodeunit/B976HD,52.306397,-1.947699
readingenergy,Reading Community Energy,,Cooperative,,,,LA14 2PN,,https://readingenergy.coop/,,,,http://data.ordnancesurvey.co.uk/id/postcodeunit/LA142PN,54.118489,-3.241650
regather,Regather Co-Operative Limited,,Cooperative,,,,S11 8BU,,https://regather.net/,,,,http://data.ordnancesurvey.co.uk/id/postcodeunit/S118BU,53.370346,-1.478742
revolver,Revolver Co-operative Ltd,,Cooperative,,,,WV2 3JA,,,,,,http://data.ordnancesurvey.co.uk/id/postcodeunit/WV23JA,52.567880,-2.133210
rhizome,Rhizome Ltd.,,Cooperative,,,,LE2 1TJ,,,,,,http://data.ordnancesurvey.co.uk/id/postcodeunit/LE21TJ,52.617042,-1.118280
riceup,Riceup Wholefoods Limited,,Cooperative,,,,SO14 1JX,,http://www.riceup.co.uk/,,,,http://data.ordnancesurvey.co.uk/id/postcodeunit/SO141JX,50.902836,-1.401751
ricol,Ricol,,Cooperative,,,,N3 3HN,,http://ricol.coop/wp/,,,,http://data.ordnancesurvey.co.uk/id/postcodeunit/N33HN,51.597452,-0.197458
righttobuy,Right to Buy Co-op Ltd.,,Cooperative,,,,BB6 8AY,,,,,,http://data.ordnancesurvey.co.uk/id/postcodeunit/BB68AY,53.824068,-2.452632
righttobuyhelpline,Righttobuyhelpline.coop Ltd,,Cooperative,,,,M40 3LY,,,,,,http://data.ordnancesurvey.co.uk/id/postcodeunit/M403LY,53.518845,-2.169556
rochdalepioneersmuseum,Rochdale Pioneers Museum,,Cooperative,,,,OL12 0NU,,https://www.rochdalepioneersmuseum.coop/,,,,http://data.ordnancesurvey.co.uk/id/postcodeunit/OL120NU,53.619780,-2.159772
rumblingbridgehydro,Rumbling Bridge Community Hydro Society Ltd.,,Cooperative,,,,LA14 2PN,,https://rumblingbridgehydro.coop/,,,,http://data.ordnancesurvey.co.uk/id/postcodeunit/LA142PN,54.118489,-3.241650
saos,Scottish Agricultural Organisation Society Ltd,,Cooperative,,,,EH28 8NZ,,http://www.saos.coop/,,,,http://data.ordnancesurvey.co.uk/id/postcodeunit/EH288NZ,55.940109,-3.377924
sat,Sundorne School & The Grange School Cooperative Trust,,Cooperative,,,,SY1 4LL,,http://sat.coop/,,,,http://data.ordnancesurvey.co.uk/id/postcodeunit/SY14LL,52.731624,-2.723561
saveourbank,ECRA,,Cooperative,,,,M15 5RF,,https://saveourbank.coop/,,,,http://data.ordnancesurvey.co.uk/id/postcodeunit/M155RF,53.465469,-2.248348
savetheearth,Save The Earth Cooperative,,Cooperative,,,,NG35JU,,https://savetheearth.coop/,,,,http://data.ordnancesurvey.co.uk/id/postcodeunit/NG35JU,52.985321,-1.120246
scbc,South Acton Community Builders Co-operative Ltd,,Cooperative,,,,W3 8RT,,,,,,http://data.ordnancesurvey.co.uk/id/postcodeunit/W38RT,51.504667,-0.273859
scotmid,Scottish Midland Co-operative Society Ltd,,Cooperative,,,,EH28 8QJ,,https://www.scotmid.coop/,,,,http://data.ordnancesurvey.co.uk/id/postcodeunit/EH288QJ,55.935633,-3.395583
scottishfarmcarbon,Scottish Farm Carbon Limited,,Cooperative,,,,AB54 4XR,,http://scottishfarmcarbon.coop/,,,,http://data.ordnancesurvey.co.uk/id/postcodeunit/AB544XR,57.451430,-2.974990
scottishpigs,Scottish Pig Producers,,Cooperative,,,,AB54 8DG,,http://www.scottishpigs.coop/,,,,http://data.ordnancesurvey.co.uk/id/postcodeunit/AB548DG,57.447238,-2.791261
scotwest,Scotwest Credit Union Limited,,Cooperative,,,,G2 4PB,,,,,,http://data.ordnancesurvey.co.uk/id/postcodeunit/G24PB,55.863670,-4.268546
secod,Social Enterprise and Co-operative Development Ltd,,Cooperative,,,,CA7 5AF,,http://secod.coop/,,,,http://data.ordnancesurvey.co.uk/id/postcodeunit/CA75AF,54.952880,-3.215201
secs,South East Co-operative Support,,Cooperative,,,,SO14OAE,,http://secs.coop/,,,,,,
secure,Secure Active CIC,,Cooperative,,,,E8 3DY,,https://secure.coop/,,,,http://data.ordnancesurvey.co.uk/id/postcodeunit/E83DY,51.544684,-0.074030
ses,Sustainable Enterprise Strategies CIC,,Cooperative,,,,SR2 8AH,,http://www.ses.coop/,,,,http://data.ordnancesurvey.co.uk/id/postcodeunit/SR28AH,54.901455,-1.373241
sharenergy,Sharenergy,,Cooperative,,,,SY1 2DP,,https://www.sharenergy.coop/,,,,http://data.ordnancesurvey.co.uk/id/postcodeunit/SY12DP,52.714876,-2.752476
skye,Isle of Skye Renewables Co-operative,,Cooperative,,,,LA14 2PN,,http://www.skye.coop/,,,,http://data.ordnancesurvey.co.uk/id/postcodeunit/LA142PN,54.118489,-3.241650
slcu,Scottish League of Credit Unions,,Cooperative,,,,G33 9BN,,,,,,http://data.ordnancesurvey.co.uk/id/postcodeunit/G339BN,55.865844,-4.184173
sleuth,Sleuth Co op Limited,,Cooperative,,,,N11 2AS,,https://www.sleuth.coop/,,,,http://data.ordnancesurvey.co.uk/id/postcodeunit/N112AS,51.604529,-0.133580
societygrapevine,International Exhibition Co-operative Wine Society,,Cooperative,,,,SG1 2BG,,http://societygrapevine.com/,,,,http://data.ordnancesurvey.co.uk/id/postcodeunit/SG12BG,51.896084,-0.203001
software/1,Turo Technology LLP,,Cooperative,,,,BS22 9XY,,http://www.software.coop/,,,,http://data.ordnancesurvey.co.uk/id/postcodeunit/BS229XY,51.366388,-2.953685
software/2,Turo Technology LLP,,Cooperative,,,,PE33 0PD,,http://www.software.coop/,,,,http://data.ordnancesurvey.co.uk/id/postcodeunit/PE330PD,52.701302,0.417650
solidarityeconomy,Solidarity Economy Association,,Cooperative,,,,OX4 1JE,,https://www.solidarityeconomy.coop/,,,,http://data.ordnancesurvey.co.uk/id/postcodeunit/OX41JE,51.748316,-1.239064
solidfund,Worker Co-operative Solidarity Fund (SolidFund),,Cooperative,,,,BS2 8PE,,https://solidfund.coop/,,,,http://data.ordnancesurvey.co.uk/id/postcodeunit/BS28PE,51.460451,-2.587288
solutions,Co-operative Solutions LLCP,,Cooperative,,,,NN1 4PB,,,,,,http://data.ordnancesurvey.co.uk/id/postcodeunit/NN14PB,52.247841,-0.877264
somerset,Somerset Co-op Services CIC,,Cooperative,,,,TA1 3EW,,,,,,http://data.ordnancesurvey.co.uk/id/postcodeunit/TA13EW,51.015250,-3.095394
southdownseco,South Downs Eco Housing Co-operative,,Cooperative,,,,BN1 6GG,,,,,,http://data.ordnancesurvey.co.uk/id/postcodeunit/BN16GG,50.843059,-0.140665
southern,Southern Co operatives,,Cooperative,,,,PO167BN,,http://southern.coop/,,,,,,
spiritoflanarkshire,The Spirit of Lanarkshire Wind Energy Co-operative Limited,,Cooperative,,,,LA14 2PN,,http://www.spiritoflanarkshire.coop/,,,,http://data.ordnancesurvey.co.uk/id/postcodeunit/LA142PN,54.118489,-3.241650
spl,Speciality Produce Limited,,Cooperative,,,,PE20 3LR,,https://spl.coop/igloo.sso?igSsoState=qj8XrwzFcPHLsRSkDekqvExbeW0rIkyiQYODFgSficxsYBOYxI2Gms%2bfZRUS0A5%2bEZ9KgjB33gTAvmsdgmkp8TiqwA69KLF25lVahrYos4CeGI2%2fP1sPVL56xMbfTYM27Hg%2baYULmKlE7K%2fBtJ5Tq23MTFnC%2fbW05YS7FdcF82htQ0bSlAhNcpsiDm7JLwpxqxgx0KRWZKjZ37RKm8Tacz2U8NZKJZ0k6b3wWuH7z9J%2fsxZbVJWEqMAUja2GZnc5&igSso=8yquSRjH7hjcOBrx%2f%2fx6qQ%3d%3d,,,,http://data.ordnancesurvey.co.uk/id/postcodeunit/PE203LR,52.954493,-0.167368
stb,Sir Thomas Boughey Co-operative Business and Enterprise College,,Cooperative,,,,ST7 8AP,,http://www.stb.academy/,,,,http://data.ordnancesurvey.co.uk/id/postcodeunit/ST78AP,53.039961,-2.304611
stcleres,St Clere's Co-operative Academy Trust,,Cooperative,,,,SS17 0NW,,http://www.stcleres.coop/,,,,http://data.ordnancesurvey.co.uk/id/postcodeunit/SS170NW,51.511194,0.417910
stitchedup,Stitched Up Co-operative Ltd,,Cooperative,,,,M21 0UF,,https://stitchedup.coop/,,,,http://data.ordnancesurvey.co.uk/id/postcodeunit/M210UF,53.442318,-2.271518
students,Students For Cooperation,,Cooperative,,,,B29 7PX,,http://www.students.coop/,,,,http://data.ordnancesurvey.co.uk/id/postcodeunit/B297PX,52.436790,-1.916861
success,Success (North East),,Cooperative,,,,DL16 6JY,,,,,,http://data.ordnancesurvey.co.uk/id/postcodeunit/DL166JY,54.710054,-1.591529
suma,SUMA Foods,,Cooperative,,,,HX59DB,,http://www.suma.coop/,,,,http://data.ordnancesurvey.co.uk/id/postcodeunit/HX59DB,53.692659,-1.829185
supporters-direct,Supporters Direct,,Cooperative,,,,WC1B 4SE,,,,,,,,
swcs,South West Co-operative Support Limited,,Cooperative,,,,BS2 8QN,,http://swcs.coop/,,,,http://data.ordnancesurvey.co.uk/id/postcodeunit/BS28QN,51.460895,-2.588431
tamworth,Tamworth Co operative Society Limited,,Cooperative,,,,B79 7HJ,,http://www.tamworth.coop/,,,,,,
tdic,TDIC,,Cooperative,,,,OL6 6NX,,https://tdic.coop/,,,,http://data.ordnancesurvey.co.uk/id/postcodeunit/OL66NX,53.487938,-2.080771
tenantsfirst,Sanctuary Housing Association,,Cooperative,,,,WR1 3ZQ,,https://www.sanctuary-scotland.co.uk/,,,,http://data.ordnancesurvey.co.uk/id/postcodeunit/WR13ZQ,52.196188,-2.225142
thecareandwellbeing,Perthshire Care &amp; Wellbeing Co-operative Limited,,Cooperative,,,,PH13 9PN,,https://thecareandwellbeing.coop/,,,,http://data.ordnancesurvey.co.uk/id/postcodeunit/PH139PN,56.509728,-3.281203
thecontractor,The Contractor Co-operative Limited,,Cooperative,,,,WC1V 6AZ,,,,,,http://data.ordnancesurvey.co.uk/id/postcodeunit/WC1V6AZ,51.518556,-0.113055
thedrive,The Drive Housing Co-operative Ltd,,Cooperative,,,,E17 3BW,,http://www.thedrive.coop/,,,,http://data.ordnancesurvey.co.uk/id/postcodeunit/E173BW,51.587493,-0.013380
thefuel,The Fuel Co-op,,Cooperative,,,,BN8 5UR,,http://www.thefuel.coop/,,,,http://data.ordnancesurvey.co.uk/id/postcodeunit/BN85UR,50.880232,0.077223
thegreenoffice,THE GREEN OFFICE CO-OP CIC,,Cooperative,,,,CF31 3YH,,http://thegreenoffice.coop/,,,,http://data.ordnancesurvey.co.uk/id/postcodeunit/CF313YH,51.498413,-3.556280
thehandmadebakery,The Handmade Bakery (Marsden) Ltf,,Cooperative,,,,HD7 6AJ,,http://thehandmadebakery.coop/,,,,http://data.ordnancesurvey.co.uk/id/postcodeunit/HD76AJ,53.604259,-1.924114
thekitchen,Lakamka Limited,,Cooperative,,,,BL3 5JW,,http://thekitchen.coop/,,,,http://data.ordnancesurvey.co.uk/id/postcodeunit/BL35JW,53.570954,-2.447024
thenews,Co operative Press,,Cooperative,,,,M600AS,,https://www.thenews.coop/uk/,,,,http://data.ordnancesurvey.co.uk/id/postcodeunit/M600AS,53.486430,-2.239353
thephone,The Phone Co op Limited,,Cooperative,,,,OX7 5XL,,https://www.thephone.coop/,,,,http://data.ordnancesurvey.co.uk/id/postcodeunit/OX75XL,51.943976,-1.553942
theservice,The Service Communications Ltd,,Cooperative,,,,WC1X 9NG,,https://theservice.coop/,,,,http://data.ordnancesurvey.co.uk/id/postcodeunit/WC1X9NG,51.528961,-0.116445
thewarehouse,Friends of the Earth (Birmingham) Ltd,,Cooperative,,,,B5 5TH,,http://www.thewarehouse.coop/,,,,http://data.ordnancesurvey.co.uk/id/postcodeunit/B55TH,52.477386,-1.890563
thewinesociety,The Wine Society,,Cooperative,,,,SG1 2BG,,,,,,http://data.ordnancesurvey.co.uk/id/postcodeunit/SG12BG,51.896084,-0.203001
thirdsectoraccountancy,Third Sector Accountancy Limited,,Cooperative,,,,M60 0AS,,https://www.thirdsectoraccountancy.coop/,,,,http://data.ordnancesurvey.co.uk/id/postcodeunit/M600AS,53.486430,-2.239353
tiny,Tiny Coop,,Cooperative,,,,E1 4PP,,http://tiny.coop/,,,,http://data.ordnancesurvey.co.uk/id/postcodeunit/E14PP,51.522218,-0.038594
tps,TPS,,Cooperative,,,,KT2 6HL,,http://tps.coop/,,,,http://data.ordnancesurvey.co.uk/id/postcodeunit/KT26HL,51.413901,-0.298722
tradeunion,NACO Trade Union,,Cooperative,,,,SK14 2QZ,,,,,,http://data.ordnancesurvey.co.uk/id/postcodeunit/SK142QZ,53.451411,-2.076516
truefood,True Food Community Co operative Ltd,,Cooperative,,,,RG4 8LJ,,https://www.truefood.coop/,,,,http://data.ordnancesurvey.co.uk/id/postcodeunit/RG48LJ,51.482827,-0.967535
tvtts,Think Venue Think Third Sector,,Cooperative,,,,B5 6DR,,http://www.thinkvenue.org/,,,,http://data.ordnancesurvey.co.uk/id/postcodeunit/B56DR,52.476865,-1.891786
twopiers,Twopiers Housing cooperative Ltd,,Cooperative,,,,BN1 2LJ,,http://twopiers.coop/,,,,http://data.ordnancesurvey.co.uk/id/postcodeunit/BN12LJ,50.822960,-0.153220
uk,Co-operatives UK Limited,,Cooperative,,,,M60 0AS,,https://www.uk.coop/,,,,http://data.ordnancesurvey.co.uk/id/postcodeunit/M600AS,53.486430,-2.239353
ukcu,UKCREDITUNIONS LTD,,Cooperative,,,,BB4 5TG,,https://ukcu.coop/,,,,http://data.ordnancesurvey.co.uk/id/postcodeunit/BB45TG,53.703805,-2.322809
ukscs,UK Society for Co-operative Studies,,Cooperative,,,,NE7 7GF,,https://ukscs.coop/,,,,http://data.ordnancesurvey.co.uk/id/postcodeunit/NE77GF,54.999609,-1.566178
unicorn-grocery,Unicorn Grocery,,Cooperative,,,,M210BN,,https://www.unicorn-grocery.coop/,,,,http://data.ordnancesurvey.co.uk/id/postcodeunit/M210BN,53.446082,-2.276495
uniteddiversity,UnitedDiversity LLP,,Cooperative,,,,SE1 2LD,,https://uniteddiversity.coop/,,,,http://data.ordnancesurvey.co.uk/id/postcodeunit/SE12LD,51.502697,-0.078394
university,Co-operative College,,Cooperative,,,,M60 0AS,,,,,,http://data.ordnancesurvey.co.uk/id/postcodeunit/M600AS,53.486430,-2.239353
upstream,Upstream Ltd,,Cooperative,,,,E3 2JE,,http://upstream.coop/,,,,http://data.ordnancesurvey.co.uk/id/postcodeunit/E32JE,51.535388,-0.023378
urbed,URBED,,Cooperative,,,,M1 1HR,,http://urbed.coop/,,,,http://data.ordnancesurvey.co.uk/id/postcodeunit/M11HR,53.482020,-2.233422
valleyorganics,Valley Organics Workers&#39; Co-op,,Cooperative,,,,HX7 5EU,,http://valleyorganics.coop/,,,,http://data.ordnancesurvey.co.uk/id/postcodeunit/HX75EU,53.725740,-1.989869
wales,Wales Co-operative Centre,,Cooperative,,,,CF83 2AX,,http://wales.coop/,,,,http://data.ordnancesurvey.co.uk/id/postcodeunit/CF832AX,51.570562,-3.245625
wave,Wave Design Ltd,,Cooperative,,,,TN34 1HL,,https://wave.coop/,,,,http://data.ordnancesurvey.co.uk/id/postcodeunit/TN341HL,50.855214,0.577972
wealth,Co-operative Independent Financial Solutions Ltd,,Cooperative,,,,DE1 1BE,,http://wealth.coop/,,,,http://data.ordnancesurvey.co.uk/id/postcodeunit/DE11BE,52.922766,-1.479282
weareopen,We Are Open Co-operative Ltd,,Cooperative,,,,AL1 4PY,,https://weareopen.coop/,,,,http://data.ordnancesurvey.co.uk/id/postcodeunit/AL14PY,51.754225,-0.313346
web,Co-operative Web,,Cooperative,,,,B31 1TS,,https://web.coop/,,,,,,
webarchitects,Webarch Co-operative Limited,,Cooperative,,,,S3 7AL,,https://www.webarchitects.coop/,,,,http://data.ordnancesurvey.co.uk/id/postcodeunit/S37AL,53.386902,-1.474345
westgrantonhousing,West Granton Housing Co-op,,Cooperative,,,,EH14 5UT,,https://www.westgrantonhousing.coop/,,,,,,
westmill,Westmill Wind Farm Co-operative,,Cooperative,,,,LA14 2PN,,https://www.westmill.coop/,,,,http://data.ordnancesurvey.co.uk/id/postcodeunit/LA142PN,54.118489,-3.241650
westmillsolar,Westmill Solar Cooperative Ltd,,Cooperative,,,,SN6 7PU,,http://westmillsolar.coop/,,,,http://data.ordnancesurvey.co.uk/id/postcodeunit/SN67PU,51.644426,-1.636516
westsolentsolar,West Solent Solar Co-operative Ltd.,,Cooperative,,,,LA14 2PN,,http://westsolentsolar.coop/,,,,http://data.ordnancesurvey.co.uk/id/postcodeunit/LA142PN,54.118489,-3.241650
westwoodcollege,Westwood College Co-Operative Learning Trust,,Cooperative,,,,ST13 8NP,,http://www.westwoodcollege.coop/,,,,http://data.ordnancesurvey.co.uk/id/postcodeunit/ST138NP,53.104090,-2.052505
woodfuel,Wood Fuel Co-operative,,Cooperative,,,,DG1 3PW,,https://www.woodfuel.coop/,,,,http://data.ordnancesurvey.co.uk/id/postcodeunit/DG13PW,55.108567,-3.539528
woodlands,Woodlands Primary Academy,,Cooperative,,,,LS9 6DA,,https://woodlands.coopacademies.co.uk/,,,,http://data.ordnancesurvey.co.uk/id/postcodeunit/LS96DA,53.811161,-1.505958
wooldale,Wooldale Co-operative Society,,Cooperative,,,,HD9 1QJ,,http://wooldale.coop/,,,,http://data.ordnancesurvey.co.uk/id/postcodeunit/HD91QJ,53.576966,-1.771703
youroldham,Oldham Council,,Cooperative,,,,OL1 1UG,,,,,,,,
yourrighttobuy,A2D computer Services,,Cooperative,,,,M40 3LY,,,,,,http://data.ordnancesurvey.co.uk/id/postcodeunit/M403LY,53.518845,-2.169556
zebra,The Zebra Collective Ltd,,Cooperative,,,,PL1 4HQ,,http://www.zebra.coop/,,,,http://data.ordnancesurvey.co.uk/id/postcodeunit/PL14HQ,50.372605,-4.179328
